create database library1;
use library1;
/*
1.区域表(区域名 , 楼层),
	其中区域分为自然科学综合图书书库, 工业技术专业书库, 法律经济专业书库, 社会科学综合书库, 文学艺术历史专业书库, 自然科学报刊,
	自然科学报刊阅览室, 社会科学报刊阅览室, 医学专业书库;
	
2.座位表(座位ID, 区域名, 类型)
	其中座位类型仅分为单人,双人与多人(学校中,每个座位都有插座,单人或者双人的座位都是靠窗的,多人座位都不靠窗);

3.用户名(用户ID, 用户姓名, 院系, 信誉分, 邮箱, 手机号, 密码)

4.占座表(用户ID, 座位ID, 预约时间)
	其中预约时间为座位为该用户所用的起始时间

5.检举表(用户ID,座位ID,检举类型,检举时间)
	其中检举类型为1:吵闹,2:吃东西,3:打游戏/睡觉;4:以物占座,座位无人;5:其他

6.喜好类型(用户ID, 类型, 喜好度)
	其中喜好度分为0-9;

*/
create table area(	
	areaname varchar(50),
	typename  varchar(10),
	floornumber numeric(2,0)
);

create table seat(	
	seatID numeric(4,0),
	areaname varchar(50),
	typename  varchar(10)
	);

create table users(	
	userID numeric(12,0),
	username varchar(20),
	deptname varchar(30),
	creditscore numeric(3,0),
	email varchar(20),
	phonenumber numeric(12,0),
	passwords varchar(20)
	);

create table seated(
	userID numeric(12,0),
	seatID numeric(4,0),
	bookingtime numeric(5,0),
                arrived numeric(3)
	);

create table report(
	userID numeric(12,0),
	seatID numeric(4,0),
	reporttime numeric(5,0),
	reporttype varchar(20)
	);

create table preference(
	userID numeric(12,0),
	typename  varchar(20),
                areaname varchar(30),
	degree numeric(1,0)
	);
create table user_area (
userID numeric(12,0),
areaname varchar(50),
typename  varchar(10)
);

insert into area values('自然科学综合图书书库','单人','3');
insert into area values('自然科学综合图书书库','双人','3');
insert into area values('自然科学综合图书书库','多人','3');

insert into area values('工业技术专业书库','单人','3');
insert into area values('工业技术专业书库','双人','3');
insert into area values('工业技术专业书库','多人','3');

insert into area values('法律经济专业书库','单人','4');
insert into area values('法律经济专业书库','双人','4');
insert into area values('法律经济专业书库','多人','4');

insert into area values('社会科学综合书库','单人','4');
insert into area values('社会科学综合书库','双人','4');
insert into area values('社会科学综合书库','多人','4');

insert into area values('文学、艺术、历史专业书库','单人','4');
insert into area values('文学、艺术、历史专业书库','双人','4');
insert into area values('文学、艺术、历史专业书库','多人','4');

insert into area values('自然科学报刊阅览室','单人','5');
insert into area values('自然科学报刊阅览室','双人','5');
insert into area values('自然科学报刊阅览室','多人','5');

insert into area values('社会科学报刊阅览室','单人','5');
insert into area values('社会科学报刊阅览室','双人','5');
insert into area values('社会科学报刊阅览室','多人','5');

insert into area values('医学专业书库','单人','6');
insert into area values('医学专业书库','双人','6');
insert into area values('医学专业书库','多人','6');

insert into users values('201830000000','赵伟','软件学院','99','135436183@qq.com','18807779602','123456');
insert into users values('201830000001','赵丽','软件学院','99','135436184@qq.com','18807779603','123456');
insert into users values('201830000002','赵婷','软件学院','99','135436185@qq.com','18807779604','123456');
insert into users values('201830000003','赵洁','软件学院','99','135436186@qq.com','18807779605','123456');
insert into users values('201830000004','赵华','软件学院','99','135436187@qq.com','18807779606','123456');
insert into users values('201830000005','赵庆','软件学院','99','135436188@qq.com','18807779607','123456');
insert into users values('201830000006','赵霞','软件学院','99','135436189@qq.com','18807779608','123456');
insert into users values('201830000007','赵冰','软件学院','99','135436190@qq.com','18807779609','123456');
insert into users values('201830000008','赵杰','软件学院','99','135436191@qq.com','18807779610','123456');
insert into users values('201830000009','赵立','软件学院','99','135436192@qq.com','18807779611','123456');
insert into users values('201830000010','赵颖','软件学院','99','135436193@qq.com','18807779612','123456');
insert into users values('201830000011','赵军','软件学院','99','135436194@qq.com','18807779613','123456');
insert into users values('201830000012','钱伟','软件学院','99','135436195@qq.com','18807779614','123456');
insert into users values('201830000013','钱丽','软件学院','99','135436196@qq.com','18807779615','123456');
insert into users values('201830000014','钱婷','软件学院','99','135436197@qq.com','18807779616','123456');
insert into users values('201830000015','钱洁','软件学院','99','135436198@qq.com','18807779617','123456');
insert into users values('201830000016','钱华','软件学院','99','135436199@qq.com','18807779618','123456');
insert into users values('201830000017','钱庆','软件学院','99','135436200@qq.com','18807779619','123456');
insert into users values('201830000018','钱霞','软件学院','99','135436201@qq.com','18807779620','123456');
insert into users values('201830000019','钱冰','软件学院','99','135436202@qq.com','18807779621','123456');
insert into users values('201830000020','钱杰','软件学院','99','135436203@qq.com','18807779622','123456');
insert into users values('201830000021','钱立','软件学院','99','135436204@qq.com','18807779623','123456');
insert into users values('201830000022','钱颖','软件学院','99','135436205@qq.com','18807779624','123456');
insert into users values('201830000023','钱军','软件学院','99','135436206@qq.com','18807779625','123456');
insert into users values('201830000024','孙伟','软件学院','99','135436207@qq.com','18807779626','123456');
insert into users values('201830000025','孙丽','软件学院','99','135436208@qq.com','18807779627','123456');
insert into users values('201830000026','孙婷','软件学院','99','135436209@qq.com','18807779628','123456');
insert into users values('201830000027','孙洁','软件学院','99','135436210@qq.com','18807779629','123456');
insert into users values('201830000028','孙华','软件学院','99','135436211@qq.com','18807779630','123456');
insert into users values('201830000029','孙庆','软件学院','99','135436212@qq.com','18807779631','123456');
insert into users values('201830000030','孙霞','软件学院','99','135436213@qq.com','18807779632','123456');
insert into users values('201830000031','孙冰','软件学院','99','135436214@qq.com','18807779633','123456');
insert into users values('201830000032','孙杰','软件学院','99','135436215@qq.com','18807779634','123456');
insert into users values('201830000033','孙立','软件学院','99','135436216@qq.com','18807779635','123456');
insert into users values('201830000034','孙颖','软件学院','99','135436217@qq.com','18807779636','123456');
insert into users values('201830000035','孙军','软件学院','99','135436218@qq.com','18807779637','123456');
insert into users values('201830000036','李伟','软件学院','99','135436219@qq.com','18807779638','123456');
insert into users values('201830000037','李丽','软件学院','99','135436220@qq.com','18807779639','123456');
insert into users values('201830000038','李婷','软件学院','99','135436221@qq.com','18807779640','123456');
insert into users values('201830000039','李洁','软件学院','99','135436222@qq.com','18807779641','123456');
insert into users values('201830000040','李华','软件学院','99','135436223@qq.com','18807779642','123456');
insert into users values('201830000041','李庆','软件学院','99','135436224@qq.com','18807779643','123456');
insert into users values('201830000042','李霞','软件学院','99','135436225@qq.com','18807779644','123456');
insert into users values('201830000043','李冰','软件学院','99','135436226@qq.com','18807779645','123456');
insert into users values('201830000044','李杰','软件学院','99','135436227@qq.com','18807779646','123456');
insert into users values('201830000045','李立','软件学院','99','135436228@qq.com','18807779647','123456');
insert into users values('201830000046','李颖','软件学院','99','135436229@qq.com','18807779648','123456');
insert into users values('201830000047','李军','软件学院','99','135436230@qq.com','18807779649','123456');
insert into users values('201830000048','周伟','软件学院','99','135436231@qq.com','18807779650','123456');
insert into users values('201830000049','周丽','软件学院','99','135436232@qq.com','18807779651','123456');
insert into users values('201830000050','周婷','软件学院','99','135436233@qq.com','18807779652','123456');
insert into users values('201830000051','周洁','软件学院','99','135436234@qq.com','18807779653','123456');
insert into users values('201830000052','周华','软件学院','99','135436235@qq.com','18807779654','123456');
insert into users values('201830000053','周庆','软件学院','99','135436236@qq.com','18807779655','123456');
insert into users values('201830000054','周霞','软件学院','99','135436237@qq.com','18807779656','123456');
insert into users values('201830000055','周冰','软件学院','99','135436238@qq.com','18807779657','123456');
insert into users values('201830000056','周杰','软件学院','99','135436239@qq.com','18807779658','123456');
insert into users values('201830000057','周立','软件学院','99','135436240@qq.com','18807779659','123456');
insert into users values('201830000058','周颖','软件学院','99','135436241@qq.com','18807779660','123456');
insert into users values('201830000059','周军','软件学院','99','135436242@qq.com','18807779661','123456');
insert into users values('201830000060','吴伟','软件学院','99','135436243@qq.com','18807779662','123456');
insert into users values('201830000061','吴丽','软件学院','99','135436244@qq.com','18807779663','123456');
insert into users values('201830000062','吴婷','软件学院','99','135436245@qq.com','18807779664','123456');
insert into users values('201830000063','吴洁','软件学院','99','135436246@qq.com','18807779665','123456');
insert into users values('201830000064','吴华','软件学院','99','135436247@qq.com','18807779666','123456');
insert into users values('201830000065','吴庆','软件学院','99','135436248@qq.com','18807779667','123456');
insert into users values('201830000066','吴霞','软件学院','99','135436249@qq.com','18807779668','123456');
insert into users values('201830000067','吴冰','软件学院','99','135436250@qq.com','18807779669','123456');
insert into users values('201830000068','吴杰','软件学院','99','135436251@qq.com','18807779670','123456');
insert into users values('201830000069','吴立','软件学院','99','135436252@qq.com','18807779671','123456');
insert into users values('201830000070','吴颖','软件学院','99','135436253@qq.com','18807779672','123456');
insert into users values('201830000071','吴军','软件学院','99','135436254@qq.com','18807779673','123456');
insert into users values('201830000072','郑伟','软件学院','99','135436255@qq.com','18807779674','123456');
insert into users values('201830000073','郑丽','软件学院','99','135436256@qq.com','18807779675','123456');
insert into users values('201830000074','郑婷','软件学院','99','135436257@qq.com','18807779676','123456');
insert into users values('201830000075','郑洁','软件学院','99','135436258@qq.com','18807779677','123456');
insert into users values('201830000076','郑华','软件学院','99','135436259@qq.com','18807779678','123456');
insert into users values('201830000077','郑庆','软件学院','99','135436260@qq.com','18807779679','123456');
insert into users values('201830000078','郑霞','软件学院','99','135436261@qq.com','18807779680','123456');
insert into users values('201830000079','郑冰','软件学院','99','135436262@qq.com','18807779681','123456');
insert into users values('201830000080','郑杰','软件学院','99','135436263@qq.com','18807779682','123456');
insert into users values('201830000081','郑立','软件学院','99','135436264@qq.com','18807779683','123456');
insert into users values('201830000082','郑颖','软件学院','99','135436265@qq.com','18807779684','123456');
insert into users values('201830000083','郑军','软件学院','99','135436266@qq.com','18807779685','123456');
insert into users values('201830000084','王伟','软件学院','99','135436267@qq.com','18807779686','123456');
insert into users values('201830000085','王丽','软件学院','99','135436268@qq.com','18807779687','123456');
insert into users values('201830000086','王婷','软件学院','99','135436269@qq.com','18807779688','123456');
insert into users values('201830000087','王洁','软件学院','99','135436270@qq.com','18807779689','123456');
insert into users values('201830000088','王华','软件学院','99','135436271@qq.com','18807779690','123456');
insert into users values('201830000089','王庆','软件学院','99','135436272@qq.com','18807779691','123456');
insert into users values('201830000090','王霞','软件学院','99','135436273@qq.com','18807779692','123456');
insert into users values('201830000091','王冰','软件学院','99','135436274@qq.com','18807779693','123456');
insert into users values('201830000092','王杰','软件学院','99','135436275@qq.com','18807779694','123456');
insert into users values('201830000093','王立','软件学院','99','135436276@qq.com','18807779695','123456');
insert into users values('201830000094','王颖','软件学院','99','135436277@qq.com','18807779696','123456');
insert into users values('201830000095','王军','软件学院','99','135436278@qq.com','18807779697','123456');
insert into users values('201830000096','冯伟','软件学院','99','135436279@qq.com','18807779698','123456');
insert into users values('201830000097','冯丽','软件学院','99','135436280@qq.com','18807779699','123456');
insert into users values('201830000098','冯婷','软件学院','99','135436281@qq.com','18807779700','123456');
insert into users values('201830000099','冯洁','软件学院','99','135436282@qq.com','18807779701','123456');
insert into users values('201830000100','冯华','软件学院','99','135436283@qq.com','18807779702','123456');
insert into users values('201830000101','冯庆','软件学院','99','135436284@qq.com','18807779703','123456');
insert into users values('201830000102','冯霞','软件学院','99','135436285@qq.com','18807779704','123456');
insert into users values('201830000103','冯冰','软件学院','99','135436286@qq.com','18807779705','123456');
insert into users values('201830000104','冯杰','软件学院','99','135436287@qq.com','18807779706','123456');
insert into users values('201830000105','冯立','软件学院','99','135436288@qq.com','18807779707','123456');
insert into users values('201830000106','冯颖','软件学院','99','135436289@qq.com','18807779708','123456');
insert into users values('201830000107','冯军','软件学院','99','135436290@qq.com','18807779709','123456');
insert into users values('201830000108','陈伟','软件学院','99','135436291@qq.com','18807779710','123456');
insert into users values('201830000109','陈丽','软件学院','99','135436292@qq.com','18807779711','123456');
insert into users values('201830000110','陈婷','软件学院','99','135436293@qq.com','18807779712','123456');
insert into users values('201830000111','陈洁','软件学院','99','135436294@qq.com','18807779713','123456');
insert into users values('201830000112','陈华','软件学院','99','135436295@qq.com','18807779714','123456');
insert into users values('201830000113','陈庆','软件学院','99','135436296@qq.com','18807779715','123456');
insert into users values('201830000114','陈霞','软件学院','99','135436297@qq.com','18807779716','123456');
insert into users values('201830000115','陈冰','软件学院','99','135436298@qq.com','18807779717','123456');
insert into users values('201830000116','陈杰','软件学院','99','135436299@qq.com','18807779718','123456');
insert into users values('201830000117','陈立','软件学院','99','135436300@qq.com','18807779719','123456');
insert into users values('201830000118','陈颖','软件学院','99','135436301@qq.com','18807779720','123456');
insert into users values('201830000119','陈军','软件学院','99','135436302@qq.com','18807779721','123456');
insert into users values('201830000120','褚伟','软件学院','99','135436303@qq.com','18807779722','123456');
insert into users values('201830000121','褚丽','软件学院','99','135436304@qq.com','18807779723','123456');
insert into users values('201830000122','褚婷','软件学院','99','135436305@qq.com','18807779724','123456');
insert into users values('201830000123','褚洁','软件学院','99','135436306@qq.com','18807779725','123456');
insert into users values('201830000124','褚华','软件学院','99','135436307@qq.com','18807779726','123456');
insert into users values('201830000125','褚庆','软件学院','99','135436308@qq.com','18807779727','123456');
insert into users values('201830000126','褚霞','软件学院','99','135436309@qq.com','18807779728','123456');
insert into users values('201830000127','褚冰','软件学院','99','135436310@qq.com','18807779729','123456');
insert into users values('201830000128','褚杰','软件学院','99','135436311@qq.com','18807779730','123456');
insert into users values('201830000129','褚立','软件学院','99','135436312@qq.com','18807779731','123456');
insert into users values('201830000130','褚颖','软件学院','99','135436313@qq.com','18807779732','123456');
insert into users values('201830000131','褚军','软件学院','99','135436314@qq.com','18807779733','123456');
insert into users values('201830000132','卫伟','软件学院','99','135436315@qq.com','18807779734','123456');
insert into users values('201830000133','卫丽','软件学院','99','135436316@qq.com','18807779735','123456');
insert into users values('201830000134','卫婷','软件学院','99','135436317@qq.com','18807779736','123456');
insert into users values('201830000135','卫洁','软件学院','99','135436318@qq.com','18807779737','123456');
insert into users values('201830000136','卫华','软件学院','99','135436319@qq.com','18807779738','123456');
insert into users values('201830000137','卫庆','软件学院','99','135436320@qq.com','18807779739','123456');
insert into users values('201830000138','卫霞','软件学院','99','135436321@qq.com','18807779740','123456');
insert into users values('201830000139','卫冰','软件学院','99','135436322@qq.com','18807779741','123456');
insert into users values('201830000140','卫杰','软件学院','99','135436323@qq.com','18807779742','123456');
insert into users values('201830000141','卫立','软件学院','99','135436324@qq.com','18807779743','123456');
insert into users values('201830000142','卫颖','软件学院','99','135436325@qq.com','18807779744','123456');
insert into users values('201830000143','卫军','软件学院','99','135436326@qq.com','18807779745','123456');
insert into users values('201830000144','蒋伟','软件学院','99','135436327@qq.com','18807779746','123456');
insert into users values('201830000145','蒋丽','软件学院','99','135436328@qq.com','18807779747','123456');
insert into users values('201830000146','蒋婷','软件学院','99','135436329@qq.com','18807779748','123456');
insert into users values('201830000147','蒋洁','软件学院','99','135436330@qq.com','18807779749','123456');
insert into users values('201830000148','蒋华','软件学院','99','135436331@qq.com','18807779750','123456');
insert into users values('201830000149','蒋庆','软件学院','99','135436332@qq.com','18807779751','123456');

update users set creditscore=userID%100 where true;

insert into preference values('201830000071','双人','工业技术专业书库','1');
insert into preference values('201830000071','多人','法律经济专业书库','2');
insert into preference values('201830000071','单人','社会科学综合书库','3');
insert into preference values('201830000072','双人','文学、艺术、历史专业书库','1');
insert into preference values('201830000072','多人','自然科学报刊阅览室','2');
insert into preference values('201830000072','单人','社会科学报刊阅览室','3');
insert into preference values('201830000073','双人','医学专业书库','1');
insert into preference values('201830000073','多人','自然科学综合图书书库','2');
insert into preference values('201830000073','单人','工业技术专业书库','3');
insert into preference values('201830000074','双人','法律经济专业书库','1');
insert into preference values('201830000074','多人','社会科学综合书库','2');
insert into preference values('201830000074','单人','文学、艺术、历史专业书库','3');
insert into preference values('201830000075','双人','自然科学报刊阅览室','1');
insert into preference values('201830000075','多人','社会科学报刊阅览室','2');
insert into preference values('201830000075','单人','医学专业书库','3');
insert into preference values('201830000076','双人','自然科学综合图书书库','1');
insert into preference values('201830000076','多人','工业技术专业书库','2');
insert into preference values('201830000076','单人','法律经济专业书库','3');
insert into preference values('201830000077','双人','社会科学综合书库','1');
insert into preference values('201830000077','多人','文学、艺术、历史专业书库','2');
insert into preference values('201830000077','单人','自然科学报刊阅览室','3');
insert into preference values('201830000078','双人','社会科学报刊阅览室','1');
insert into preference values('201830000078','多人','医学专业书库','2');
insert into preference values('201830000078','单人','自然科学综合图书书库','3');
insert into preference values('201830000079','双人','工业技术专业书库','1');
insert into preference values('201830000079','多人','法律经济专业书库','2');
insert into preference values('201830000079','单人','社会科学综合书库','3');
insert into preference values('201830000080','双人','文学、艺术、历史专业书库','1');
insert into preference values('201830000080','多人','自然科学报刊阅览室','2');
insert into preference values('201830000080','单人','社会科学报刊阅览室','3');
insert into preference values('201830000081','双人','医学专业书库','1');
insert into preference values('201830000081','多人','自然科学综合图书书库','2');
insert into preference values('201830000081','单人','工业技术专业书库','3');
insert into preference values('201830000082','双人','法律经济专业书库','1');
insert into preference values('201830000082','多人','社会科学综合书库','2');
insert into preference values('201830000082','单人','文学、艺术、历史专业书库','3');
insert into preference values('201830000083','双人','自然科学报刊阅览室','1');
insert into preference values('201830000083','多人','社会科学报刊阅览室','2');
insert into preference values('201830000083','单人','医学专业书库','3');
insert into preference values('201830000084','双人','自然科学综合图书书库','1');
insert into preference values('201830000084','多人','工业技术专业书库','2');
insert into preference values('201830000084','单人','法律经济专业书库','3');
insert into preference values('201830000085','双人','社会科学综合书库','1');
insert into preference values('201830000085','多人','文学、艺术、历史专业书库','2');
insert into preference values('201830000085','单人','自然科学报刊阅览室','3');
insert into preference values('201830000086','双人','社会科学报刊阅览室','1');
insert into preference values('201830000086','多人','医学专业书库','2');
insert into preference values('201830000086','单人','自然科学综合图书书库','3');
insert into preference values('201830000087','双人','工业技术专业书库','1');
insert into preference values('201830000087','多人','法律经济专业书库','2');
insert into preference values('201830000087','单人','社会科学综合书库','3');
insert into preference values('201830000088','双人','文学、艺术、历史专业书库','1');
insert into preference values('201830000088','多人','自然科学报刊阅览室','2');
insert into preference values('201830000088','单人','社会科学报刊阅览室','3');
insert into preference values('201830000089','双人','医学专业书库','1');
insert into preference values('201830000089','多人','自然科学综合图书书库','2');
insert into preference values('201830000089','单人','工业技术专业书库','3');
insert into preference values('201830000090','双人','法律经济专业书库','1');
insert into preference values('201830000090','多人','社会科学综合书库','2');
insert into preference values('201830000090','单人','文学、艺术、历史专业书库','3');

insert into seat values('1','自然科学综合图书书库','单人');insert into seat values('2','自然科学综合图书书库','单人');insert into seat values('3','自然科学综合图书书库','单人');insert into seat values('4','自然科学综合图书书库','单人');insert into seat values('5','自然科学综合图书书库','单人');insert into seat values('6','自然科学综合图书书库','单人');insert into seat values('7','自然科学综合图书书库','单人');insert into seat values('8','自然科学综合图书书库','单人');insert into seat values('9','自然科学综合图书书库','单人');insert into seat values('10','自然科学综合图书书库','单人');insert into seat values('11','自然科学综合图书书库','单人');insert into seat values('12','自然科学综合图书书库','单人');insert into seat values('13','自然科学综合图书书库','单人');insert into seat values('14','自然科学综合图书书库','单人');insert into seat values('15','自然科学综合图书书库','单人');insert into seat values('16','自然科学综合图书书库','单人');insert into seat values('17','自然科学综合图书书库','单人');insert into seat values('18','自然科学综合图书书库','单人');insert into seat values('19','自然科学综合图书书库','单人');insert into seat values('20','自然科学综合图书书库','单人');insert into seat values('21','自然科学综合图书书库','双人');insert into seat values('22','自然科学综合图书书库','双人');insert into seat values('23','自然科学综合图书书库','双人');insert into seat values('24','自然科学综合图书书库','双人');insert into seat values('25','自然科学综合图书书库','双人');insert into seat values('26','自然科学综合图书书库','双人');insert into seat values('27','自然科学综合图书书库','双人');insert into seat values('28','自然科学综合图书书库','双人');insert into seat values('29','自然科学综合图书书库','双人');insert into seat values('30','自然科学综合图书书库','双人');insert into seat values('31','自然科学综合图书书库','双人');insert into seat values('32','自然科学综合图书书库','双人');insert into seat values('33','自然科学综合图书书库','双人');insert into seat values('34','自然科学综合图书书库','双人');insert into seat values('35','自然科学综合图书书库','双人');insert into seat values('36','自然科学综合图书书库','双人');insert into seat values('37','自然科学综合图书书库','双人');insert into seat values('38','自然科学综合图书书库','双人');insert into seat values('39','自然科学综合图书书库','双人');insert into seat values('40','自然科学综合图书书库','双人');insert into seat values('41','自然科学综合图书书库','多人');insert into seat values('42','自然科学综合图书书库','多人');insert into seat values('43','自然科学综合图书书库','多人');insert into seat values('44','自然科学综合图书书库','多人');insert into seat values('45','自然科学综合图书书库','多人');insert into seat values('46','自然科学综合图书书库','多人');insert into seat values('47','自然科学综合图书书库','多人');insert into seat values('48','自然科学综合图书书库','多人');insert into seat values('49','自然科学综合图书书库','多人');insert into seat values('50','自然科学综合图书书库','多人');insert into seat values('51','自然科学综合图书书库','多人');insert into seat values('52','自然科学综合图书书库','多人');insert into seat values('53','自然科学综合图书书库','多人');insert into seat values('54','自然科学综合图书书库','多人');insert into seat values('55','自然科学综合图书书库','多人');insert into seat values('56','自然科学综合图书书库','多人');insert into seat values('57','自然科学综合图书书库','多人');insert into seat values('58','自然科学综合图书书库','多人');insert into seat values('59','自然科学综合图书书库','多人');insert into seat values('60','自然科学综合图书书库','多人');insert into seat values('61','自然科学综合图书书库','多人');insert into seat values('62','自然科学综合图书书库','多人');insert into seat values('63','自然科学综合图书书库','多人');insert into seat values('64','自然科学综合图书书库','多人');insert into seat values('65','自然科学综合图书书库','多人');insert into seat values('66','自然科学综合图书书库','多人');insert into seat values('67','自然科学综合图书书库','多人');insert into seat values('68','自然科学综合图书书库','多人');insert into seat values('69','自然科学综合图书书库','多人');insert into seat values('70','自然科学综合图书书库','多人');insert into seat values('71','自然科学综合图书书库','多人');insert into seat values('72','自然科学综合图书书库','多人');insert into seat values('73','自然科学综合图书书库','多人');insert into seat values('74','自然科学综合图书书库','多人');insert into seat values('75','自然科学综合图书书库','多人');insert into seat values('76','自然科学综合图书书库','多人');insert into seat values('77','自然科学综合图书书库','多人');insert into seat values('78','自然科学综合图书书库','多人');insert into seat values('79','自然科学综合图书书库','多人');insert into seat values('80','自然科学综合图书书库','多人');insert into seat values('81','自然科学综合图书书库','多人');insert into seat values('82','自然科学综合图书书库','多人');insert into seat values('83','自然科学综合图书书库','多人');insert into seat values('84','自然科学综合图书书库','多人');insert into seat values('85','自然科学综合图书书库','多人');insert into seat values('86','自然科学综合图书书库','多人');insert into seat values('87','自然科学综合图书书库','多人');insert into seat values('88','自然科学综合图书书库','多人');insert into seat values('89','自然科学综合图书书库','多人');insert into seat values('90','自然科学综合图书书库','多人');insert into seat values('91','自然科学综合图书书库','多人');insert into seat values('92','自然科学综合图书书库','多人');insert into seat values('93','自然科学综合图书书库','多人');insert into seat values('94','自然科学综合图书书库','多人');insert into seat values('95','自然科学综合图书书库','多人');insert into seat values('96','自然科学综合图书书库','多人');insert into seat values('97','自然科学综合图书书库','多人');insert into seat values('98','自然科学综合图书书库','多人');insert into seat values('99','自然科学综合图书书库','多人');insert into seat values('100','自然科学综合图书书库','多人');insert into seat values('101','自然科学综合图书书库','多人');insert into seat values('102','自然科学综合图书书库','多人');insert into seat values('103','自然科学综合图书书库','多人');insert into seat values('104','自然科学综合图书书库','多人');insert into seat values('105','自然科学综合图书书库','多人');insert into seat values('106','自然科学综合图书书库','多人');insert into seat values('107','自然科学综合图书书库','多人');insert into seat values('108','自然科学综合图书书库','多人');insert into seat values('109','自然科学综合图书书库','多人');insert into seat values('110','自然科学综合图书书库','多人');insert into seat values('111','自然科学综合图书书库','多人');insert into seat values('112','自然科学综合图书书库','多 人');insert into seat values('113','自然科学综合图书书库','多人');insert into seat values('114','自然科学综合图书书库','多人');insert into seat values('115','自然科学综合图书书库','多人');insert into seat values('116','自然科学综合图书书库','多人');insert into seat values('117','自然科学综合图书书库','多人');insert into seat values('118','自然科学综合图书书 库','多人');insert into seat values('119','自然科学综合图书书库','多人');insert into seat values('120','自然科学综合图书书库','多人');insert into seat values('121','自然科学综合图书书库','多人');insert into seat values('122','自然科学综合图书书库','多人');insert into seat values('123','自然科学综合图书书库','多人');insert into seat values('124','自然科学综合图书书库','多人');insert into seat values('125','自然科学综合图书书库','多人');insert into seat values('126','自然科学综合图书书库','多人');insert into seat values('127','自然科学综合图书书库','多人');insert into seat values('128','自然科学综合图书书库','多人');insert into seat values('129','自然科学综合图书书库','多人');insert into seat values('130','自然科学综合图书书库','多人');insert into seat values('131','自然科学综合图书书库','多人');insert into seat values('132','自然科学综合图书书库','多人');insert into seat values('133','自然科学综合图书书库','多人');insert into seat values('134','自然科学综合图书书库','多人');insert into seat values('135','自然科学综合图书书库','多人');insert into seat values('136','自然科学综合图书书库','多人');insert into seat values('137','自然科学综合图书书库','多人');insert into seat values('138','自然科学综合图书书库','多人');insert into seat values('139','自然科学综合图书书库','多人');insert into seat values('140','自然科学综合图书书库','多人');insert into seat values('141','自然科学综合图书书库','多人');insert into seat values('142','自然科学综合图书书库','多人');insert into seat values('143','自然科学综合图书书库','多人');insert into seat values('144','自然科学综合图书书库','多人');insert into seat values('145','自然科学综合图书书库','多人');insert into seat values('146','自然科学综合图书书库','多人');insert into seat values('147','自然科学综合图书书库','多人');insert into seat values('148','自然科学综合图书书库','多人');insert into seat values('149','自然科学综合图书书库','多人');insert into seat values('150','自然科学综合图书书库','多人');insert into seat values('151','自然科学综合图书书库','多人');insert into seat values('152','自然科学综合图书书库','多人');insert into seat values('153','自然科学综合图书书库','多人');insert into seat values('154','自然科学综合图书书库','多人');insert into seat values('155','自然科学综合图书书库','多人');insert into seat values('156','自然科学综合图书书库','多人');insert into seat values('157','自然科学综合图书书库','多人');insert into seat values('158','自然科学综合图书书库','多人');insert into seat values('159','自然科学综合图书书库','多人');insert into seat values('160','自然科学综合图书书库','多人');insert into seat values('161','自然科学综合图书书库','多人');insert into seat values('162','自然科学综合图书书库','多人');insert into seat values('163','自然科学综合图书书库','多人');insert into seat values('164','自然科学综合图书书库','多人');insert into seat values('165','自然科学综合图书书库','多人');insert into seat values('166','自然科学综合图书书库','多人');insert into seat values('167','自然科学综合图书书库','多人');insert into seat values('168','自然科学综合图书书库','多人');insert into seat values('169','自然科学综合图书书库','多人');insert into seat values('170','自然科学综合图书书库','多人');insert into seat values('171','自然科学综合图书书库','多人');insert into seat values('172','自然科学综合图书书库','多人');insert into seat values('173','自然科学综合图书书库','多人');insert into seat values('174','自然科学综合图书书库','多人');insert into seat values('175','自然科学综合图书书库','多人');insert into seat values('176','自然科学综合图书书库','多人');insert into seat values('177','自然科学综合图书书 库','多人');insert into seat values('178','自然科学综合图书书库','多人');insert into seat values('179','自然科学综合图书书库','多人');insert into seat values('180','自然科学综合图书书库','多人');insert into seat values('181','自然科学综合图书书库','多人');insert into seat values('182','自然科学综合图书书库','多人');insert into seat values('183','自然科学综合图书书库','多人');insert into seat values('184','自然科学综合图书书库','多人');insert into seat values('185','自然科学综合图书书库','多人');insert into seat values('186','自然科学综合图书书库','多人');insert into seat values('187','自然科学综合图书书库','多人');insert into seat values('188','自然科学综合图书书库','多人');insert into seat values('189','自然科学综合图书书库','多人');insert into seat values('190','自然科学综合图书书库','多人');insert into seat values('191','自然科学综合图书书库','多人');insert into seat values('192','自然科学综合图书书库','多人');insert into seat values('193','自然科学综合图书书库','多人');insert into seat values('194','自然科学综合图书书库','多人');insert into seat values('195','自然科学综合图书书库','多人');insert into seat values('196','自然科学综合图书书库','多人');insert into seat values('197','自然科学综合图书书库','多人');insert into seat values('198','自然科学综合图书书库','多人');insert into seat values('199','自然科学综合图书书库','多人');insert into seat values('200','自然科学综合图书书库','多人');insert into seat values('201','工业技术专业书库','单人');insert into seat values('202','工业技术专业书库','单人');insert into seat values('203','工业技术专业书库','单人');insert into seat values('204','工业技术专业书库','单人');insert into seat values('205','工业技术专业书库','单人');insert into seat values('206','工业技术专业书库','单人');insert into seat values('207','工业技术专业书库','单人');insert into seat values('208','工业技术专业书库','单人');insert into seat values('209','工业技术专业书库','单人');insert into seat values('210','工业技术专业书库','单人');insert into seat values('211','工业技术专业书库','单人');insert into seat values('212','工业技术专业书库','单人');insert into seat values('213','工业技术专业书库','单人');insert into seat values('214','工业技术专业书库','单人');insert into seat values('215','工业技术专业书库','单人');insert into seat values('216','工业技术专业书库','单人');insert into seat values('217','工业技术专业书库','单人');insert into seat values('218','工业技术专业书库','单人');insert into seat values('219','工业技术专业书库','单人');insert into seat values('220','工业技术专业书库','单人');insert into seat values('221','工业技术专业书库','双人');insert into seat values('222','工业技术专业书库','双人');insert into seat values('223','工业技术专业书库','双人');insert into seat values('224','工 业技术专业书库','双人');insert into seat values('225','工业技术专业书库','双人');insert into seat values('226','工业技术专业书库','双人');insert into seat values('227','工业技术专业书库','双人');insert into seat values('228','工业技术专业书库','双人');insert into seat values('229','工业技术专业书库','双人');insert into seat values('230','工业技术专业书库',' 双人');insert into seat values('231','工业技术专业书库','双人');insert into seat values('232','工业技术专业书库','双人');insert into seat values('233','工业技术专业书库','双人');insert into seat values('234','工业技术专业书库','双人');insert into seat values('235','工业技术专业书库','双人');insert into seat values('236','工业技术专业书库','双人');insert into seat values('237','工业技术专业书库','双人');insert into seat values('238','工业技术专业书库','双人');insert into seat values('239','工业技术专业书库','双人');insert into seat values('240','工业技术专业书库','双人');insert into seat values('241','工业技术专业书库','多人');insert into seat values('242','工业技术专业书库','多人');insert into seat values('243','工业技术专业书库','多人');insert into seat values('244','工业技术专业书库','多人');insert into seat values('245','工业技术专业书库','多人');insert into seat values('246','工业技术专业书库','多人');insert into seat values('247','工业技术专业书库','多人');insert into seat values('248','工业技术专业书库','多人');insert into seat values('249','工业技术专业书库','多人');insert into seat values('250','工业技术专业书库','多人');insert into seat values('251','工业技术专业书库','多 人');insert into seat values('252','工业技术专业书库','多人');insert into seat values('253','工业技术专业书库','多人');insert into seat values('254','工业技术专业书库','多人');insert into seat values('255','工业技术专业书库','多人');insert into seat values('256','工业技术专业书库','多人');insert into seat values('257','工业技术专业书库','多人');insert into seat values('258','工业技术专业书库','多人');insert into seat values('259','工业技术专业书库','多人');insert into seat values('260','工业技术专业书库','多人');insert into seat values('261','工业技术专业书库','多人');insert into seat values('262','工业技术专业书库','多人');insert into seat values('263','工业技术专业书库','多人');insert into seat values('264','工业技术专业书库','多人');insert into seat values('265','工业技术专业书库','多人');insert into seat values('266','工业技术专业书库','多人');insert into seat values('267','工业技术专业书库','多人');insert into seat values('268','工业技术专业书库','多人');insert into seat values('269','工业技术专业书库','多人');insert into seat values('270','工业技术专业书库','多人');insert into seat values('271','工业技术专业书库','多人');insert into seat values('272','工业技术专业书库','多人');insert into seat values('273','工业技术专业书库','多人');insert into seat values('274','工业技术专业书库','多人');insert into seat values('275','工业技术专业书库','多人');insert into seat values('276','工业技术专业书库','多人');insert into seat values('277','工业技术专业书库','多人');insert into seat values('278','工业技术专业书库','多人');insert into seat values('279','工业技术专业书库','多人');insert into seat values('280','工业技术专业书库','多人');insert into seat values('281','工业技术专业书库','多人');insert into seat values('282','工业技术专业书库','多人');insert into seat values('283','工业技术专业书库','多人');insert into seat values('284','工业技术专业书库','多人');insert into seat values('285','工 业技术专业书库','多人');insert into seat values('286','工业技术专业书库','多人');insert into seat values('287','工业技术专业书库','多人');insert into seat values('288','工业技术专业书库','多人');insert into seat values('289','工业技术专业书库','多人');insert into seat values('290','工业技术专业书库','多人');insert into seat values('291','工业技术专业书库',' 多人');insert into seat values('292','工业技术专业书库','多人');insert into seat values('293','工业技术专业书库','多人');insert into seat values('294','工业技术专业书库','多人');insert into seat values('295','工业技术专业书库','多人');insert into seat values('296','工业技术专业书库','多人');insert into seat values('297','工业技术专业书库','多人');insert into seat values('298','工业技术专业书库','多人');insert into seat values('299','工业技术专业书库','多人');insert into seat values('300','工业技术专业书库','多人');insert into seat values('301','工业技术专业书库','多人');insert into seat values('302','工业技术专业书库','多人');insert into seat values('303','工业技术专业书库','多人');insert into seat values('304','工业技术专业书库','多人');insert into seat values('305','工业技术专业书库','多人');insert into seat values('306','工业技术专业书库','多人');insert into seat values('307','工业技术专业书库','多人');insert into seat values('308','工业技术专业书库','多人');insert into seat values('309','工业技术专业书库','多人');insert into seat values('310','工业技术专业书库','多人');insert into seat values('311','工业技术专业书库','多人');insert into seat values('312','工业技术专业书库','多 人');insert into seat values('313','工业技术专业书库','多人');insert into seat values('314','工业技术专业书库','多人');insert into seat values('315','工业技术专业书库','多人');insert into seat values('316','工业技术专业书库','多人');insert into seat values('317','工业技术专业书库','多人');insert into seat values('318','工业技术专业书库','多人');insert into seat values('319','工业技术专业书库','多人');insert into seat values('320','工业技术专业书库','多人');insert into seat values('321','工业技术专业书库','多人');insert into seat values('322','工业技术专业书库','多人');insert into seat values('323','工业技术专业书库','多人');insert into seat values('324','工业技术专业书库','多人');insert into seat values('325','工业技术专业书库','多人');insert into seat values('326','工业技术专业书库','多人');insert into seat values('327','工业技术专业书库','多人');insert into seat values('328','工业技术专业书库','多人');insert into seat values('329','工业技术专业书库','多人');insert into seat values('330','工业技术专业书库','多人');insert into seat values('331','工业技术专业书库','多人');insert into seat values('332','工业技术专业书库','多人');insert into seat values('333','工业技术专业书库','多人');insert into seat values('334','工业技术专业书库','多人');insert into seat values('335','工业技术专业书库','多人');insert into seat values('336','工业技术专业书库','多人');insert into seat values('337','工业技术专业书库','多人');insert into seat values('338','工业技术专业书库','多人');insert into seat values('339','工业技术专业书库','多人');insert into seat values('340','工业技术专业书库','多人');insert into seat values('341','工业技术专业书库','多人');insert into seat values('342','工业技术专业书库','多人');insert into seat values('343','工业技术专业书库','多人');insert into seat values('344','工业技术专业书库','多人');insert into seat values('345','工业技术专业书库','多人');insert into seat values('346','工 业技术专业书库','多人');insert into seat values('347','工业技术专业书库','多人');insert into seat values('348','工业技术专业书库','多人');insert into seat values('349','工业技术专业书库','多人');insert into seat values('350','工业技术专业书库','多人');insert into seat values('351','工业技术专业书库','多人');insert into seat values('352','工业技术专业书库',' 多人');insert into seat values('353','工业技术专业书库','多人');insert into seat values('354','工业技术专业书库','多人');insert into seat values('355','工业技术专业书库','多人');insert into seat values('356','工业技术专业书库','多人');insert into seat values('357','工业技术专业书库','多人');insert into seat values('358','工业技术专业书库','多人');insert into seat values('359','工业技术专业书库','多人');insert into seat values('360','工业技术专业书库','多人');insert into seat values('361','工业技术专业书库','多人');insert into seat values('362','工业技术专业书库','多人');insert into seat values('363','工业技术专业书库','多人');insert into seat values('364','工业技术专业书库','多人');insert into seat values('365','工业技术专业书库','多人');insert into seat values('366','工业技术专业书库','多人');insert into seat values('367','工业技术专业书库','多人');insert into seat values('368','工业技术专业书库','多人');insert into seat values('369','工业技术专业书库','多人');insert into seat values('370','工业技术专业书库','多人');insert into seat values('371','工业技术专业书库','多人');insert into seat values('372','工业技术专业书库','多人');insert into seat values('373','工业技术专业书库','多 人');insert into seat values('374','工业技术专业书库','多人');insert into seat values('375','工业技术专业书库','多人');insert into seat values('376','工业技术专业书库','多人');insert into seat values('377','工业技术专业书库','多人');insert into seat values('378','工业技术专业书库','多人');insert into seat values('379','工业技术专业书库','多人');insert into seat values('380','工业技术专业书库','多人');insert into seat values('381','工业技术专业书库','多人');insert into seat values('382','工业技术专业书库','多人');insert into seat values('383','工业技术专业书库','多人');insert into seat values('384','工业技术专业书库','多人');insert into seat values('385','工业技术专业书库','多人');insert into seat values('386','工业技术专业书库','多人');insert into seat values('387','工业技术专业书库','多人');insert into seat values('388','工业技术专业书库','多人');insert into seat values('389','工业技术专业书库','多人');insert into seat values('390','工业技术专业书库','多人');insert into seat values('391','工业技术专业书库','多人');insert into seat values('392','工业技术专业书库','多人');insert into seat values('393','工业技术专业书库','多人');insert into seat values('394','工业技术专业书库','多人');insert into seat values('395','工业技术专业书库','多人');insert into seat values('396','工业技术专业书库','多人');insert into seat values('397','工业技术专业书库','多人');insert into seat values('398','工业技术专业书库','多人');insert into seat values('399','工业技术专业书库','多人');insert into seat values('400','工业技术专业书库','多人');insert into seat values('401','法律经济专业书库','单人');insert into seat values('402','法律经济专业书库','单人');insert into seat values('403','法律经济专业书库','单人');insert into seat values('404','法律经济专业书库','单人');insert into seat values('405','法律经济专业书库','单人');insert into seat values('406','法律经济专业书库','单人');insert into seat values('407','法 律经济专业书库','单人');insert into seat values('408','法律经济专业书库','单人');insert into seat values('409','法律经济专业书库','单人');insert into seat values('410','法律经济专业书库','单人');insert into seat values('411','法律经济专业书库','单人');insert into seat values('412','法律经济专业书库','单人');insert into seat values('413','法律经济专业书库',' 单人');insert into seat values('414','法律经济专业书库','单人');insert into seat values('415','法律经济专业书库','单人');insert into seat values('416','法律经济专业书库','单人');insert into seat values('417','法律经济专业书库','单人');insert into seat values('418','法律经济专业书库','单人');insert into seat values('419','法律经济专业书库','单人');insert into seat values('420','法律经济专业书库','单人');insert into seat values('421','法律经济专业书库','双人');insert into seat values('422','法律经济专业书库','双人');insert into seat values('423','法律经济专业书库','双人');insert into seat values('424','法律经济专业书库','双人');insert into seat values('425','法律经济专业书库','双人');insert into seat values('426','法律经济专业书库','双人');insert into seat values('427','法律经济专业书库','双人');insert into seat values('428','法律经济专业书库','双人');insert into seat values('429','法律经济专业书库','双人');insert into seat values('430','法律经济专业书库','双人');insert into seat values('431','法律经济专业书库','双人');insert into seat values('432','法律经济专业书库','双人');insert into seat values('433','法律经济专业书库','双人');insert into seat values('434','法律经济专业书库','双 人');insert into seat values('435','法律经济专业书库','双人');insert into seat values('436','法律经济专业书库','双人');insert into seat values('437','法律经济专业书库','双人');insert into seat values('438','法律经济专业书库','双人');insert into seat values('439','法律经济专业书库','双人');insert into seat values('440','法律经济专业书库','双人');insert into seat values('441','法律经济专业书库','多人');insert into seat values('442','法律经济专业书库','多人');insert into seat values('443','法律经济专业书库','多人');insert into seat values('444','法律经济专业书库','多人');insert into seat values('445','法律经济专业书库','多人');insert into seat values('446','法律经济专业书库','多人');insert into seat values('447','法律经济专业书库','多人');insert into seat values('448','法律经济专业书库','多人');insert into seat values('449','法律经济专业书库','多人');insert into seat values('450','法律经济专业书库','多人');insert into seat values('451','法律经济专业书库','多人');insert into seat values('452','法律经济专业书库','多人');insert into seat values('453','法律经济专业书库','多人');insert into seat values('454','法律经济专业书库','多人');insert into seat values('455','法律经济专业书库','多人');insert into seat values('456','法律经济专业书库','多人');insert into seat values('457','法律经济专业书库','多人');insert into seat values('458','法律经济专业书库','多人');insert into seat values('459','法律经济专业书库','多人');insert into seat values('460','法律经济专业书库','多人');insert into seat values('461','法律经济专业书库','多人');insert into seat values('462','法律经济专业书库','多人');insert into seat values('463','法律经济专业书库','多人');insert into seat values('464','法律经济专业书库','多人');insert into seat values('465','法律经济专业书库','多人');insert into seat values('466','法律经济专业书库','多人');insert into seat values('467','法律经济专业书库','多人');insert into seat values('468','法 律经济专业书库','多人');insert into seat values('469','法律经济专业书库','多人');insert into seat values('470','法律经济专业书库','多人');insert into seat values('471','法律经济专业书库','多人');insert into seat values('472','法律经济专业书库','多人');insert into seat values('473','法律经济专业书库','多人');insert into seat values('474','法律经济专业书库',' 多人');insert into seat values('475','法律经济专业书库','多人');insert into seat values('476','法律经济专业书库','多人');insert into seat values('477','法律经济专业书库','多人');insert into seat values('478','法律经济专业书库','多人');insert into seat values('479','法律经济专业书库','多人');insert into seat values('480','法律经济专业书库','多人');insert into seat values('481','法律经济专业书库','多人');insert into seat values('482','法律经济专业书库','多人');insert into seat values('483','法律经济专业书库','多人');insert into seat values('484','法律经济专业书库','多人');insert into seat values('485','法律经济专业书库','多人');insert into seat values('486','法律经济专业书库','多人');insert into seat values('487','法律经济专业书库','多人');insert into seat values('488','法律经济专业书库','多人');insert into seat values('489','法律经济专业书库','多人');insert into seat values('490','法律经济专业书库','多人');insert into seat values('491','法律经济专业书库','多人');insert into seat values('492','法律经济专业书库','多人');insert into seat values('493','法律经济专业书库','多人');insert into seat values('494','法律经济专业书库','多人');insert into seat values('495','法律经济专业书库','多 人');insert into seat values('496','法律经济专业书库','多人');insert into seat values('497','法律经济专业书库','多人');insert into seat values('498','法律经济专业书库','多人');insert into seat values('499','法律经济专业书库','多人');insert into seat values('500','法律经济专业书库','多人');insert into seat values('501','法律经济专业书库','多人');insert into seat values('502','法律经济专业书库','多人');insert into seat values('503','法律经济专业书库','多人');insert into seat values('504','法律经济专业书库','多人');insert into seat values('505','法律经济专业书库','多人');insert into seat values('506','法律经济专业书库','多人');insert into seat values('507','法律经济专业书库','多人');insert into seat values('508','法律经济专业书库','多人');insert into seat values('509','法律经济专业书库','多人');insert into seat values('510','法律经济专业书库','多人');insert into seat values('511','法律经济专业书库','多人');insert into seat values('512','法律经济专业书库','多人');insert into seat values('513','法律经济专业书库','多人');insert into seat values('514','法律经济专业书库','多人');insert into seat values('515','法律经济专业书库','多人');insert into seat values('516','法律经济专业书库','多人');insert into seat values('517','法律经济专业书库','多人');insert into seat values('518','法律经济专业书库','多人');insert into seat values('519','法律经济专业书库','多人');insert into seat values('520','法律经济专业书库','多人');insert into seat values('521','法律经济专业书库','多人');insert into seat values('522','法律经济专业书库','多人');insert into seat values('523','法律经济专业书库','多人');insert into seat values('524','法律经济专业书库','多人');insert into seat values('525','法律经济专业书库','多人');insert into seat values('526','法律经济专业书库','多人');insert into seat values('527','法律经济专业书库','多人');insert into seat values('528','法律经济专业书库','多人');insert into seat values('529','法 律经济专业书库','多人');insert into seat values('530','法律经济专业书库','多人');insert into seat values('531','法律经济专业书库','多人');insert into seat values('532','法律经济专业书库','多人');insert into seat values('533','法律经济专业书库','多人');insert into seat values('534','法律经济专业书库','多人');insert into seat values('535','法律经济专业书库',' 多人');insert into seat values('536','法律经济专业书库','多人');insert into seat values('537','法律经济专业书库','多人');insert into seat values('538','法律经济专业书库','多人');insert into seat values('539','法律经济专业书库','多人');insert into seat values('540','法律经济专业书库','多人');insert into seat values('541','法律经济专业书库','多人');insert into seat values('542','法律经济专业书库','多人');insert into seat values('543','法律经济专业书库','多人');insert into seat values('544','法律经济专业书库','多人');insert into seat values('545','法律经济专业书库','多人');insert into seat values('546','法律经济专业书库','多人');insert into seat values('547','法律经济专业书库','多人');insert into seat values('548','法律经济专业书库','多人');insert into seat values('549','法律经济专业书库','多人');insert into seat values('550','法律经济专业书库','多人');insert into seat values('551','法律经济专业书库','多人');insert into seat values('552','法律经济专业书库','多人');insert into seat values('553','法律经济专业书库','多人');insert into seat values('554','法律经济专业书库','多人');insert into seat values('555','法律经济专业书库','多人');insert into seat values('556','法律经济专业书库','多 人');insert into seat values('557','法律经济专业书库','多人');insert into seat values('558','法律经济专业书库','多人');insert into seat values('559','法律经济专业书库','多人');insert into seat values('560','法律经济专业书库','多人');insert into seat values('561','法律经济专业书库','多人');insert into seat values('562','法律经济专业书库','多人');insert into seat values('563','法律经济专业书库','多人');insert into seat values('564','法律经济专业书库','多人');insert into seat values('565','法律经济专业书库','多人');insert into seat values('566','法律经济专业书库','多人');insert into seat values('567','法律经济专业书库','多人');insert into seat values('568','法律经济专业书库','多人');insert into seat values('569','法律经济专业书库','多人');insert into seat values('570','法律经济专业书库','多人');insert into seat values('571','法律经济专业书库','多人');insert into seat values('572','法律经济专业书库','多人');insert into seat values('573','法律经济专业书库','多人');insert into seat values('574','法律经济专业书库','多人');insert into seat values('575','法律经济专业书库','多人');insert into seat values('576','法律经济专业书库','多人');insert into seat values('577','法律经济专业书库','多人');insert into seat values('578','法律经济专业书库','多人');insert into seat values('579','法律经济专业书库','多人');insert into seat values('580','法律经济专业书库','多人');insert into seat values('581','法律经济专业书库','多人');insert into seat values('582','法律经济专业书库','多人');insert into seat values('583','法律经济专业书库','多人');insert into seat values('584','法律经济专业书库','多人');insert into seat values('585','法律经济专业书库','多人');insert into seat values('586','法律经济专业书库','多人');insert into seat values('587','法律经济专业书库','多人');insert into seat values('588','法律经济专业书库','多人');insert into seat values('589','法律经济专业书库','多人');insert into seat values('590','法 律经济专业书库','多人');insert into seat values('591','法律经济专业书库','多人');insert into seat values('592','法律经济专业书库','多人');insert into seat values('593','法律经济专业书库','多人');insert into seat values('594','法律经济专业书库','多人');insert into seat values('595','法律经济专业书库','多人');insert into seat values('596','法律经济专业书库',' 多人');insert into seat values('597','法律经济专业书库','多人');insert into seat values('598','法律经济专业书库','多人');insert into seat values('599','法律经济专业书库','多人');insert into seat values('600','法律经济专业书库','多人');insert into seat values('601','社会科学综合书库','单人');insert into seat values('602','社会科学综合书库','单人');insert into seat values('603','社会科学综合书库','单人');insert into seat values('604','社会科学综合书库','单人');insert into seat values('605','社会科学综合书库','单人');insert into seat values('606','社会科学综合书库','单人');insert into seat values('607','社会科学综合书库','单人');insert into seat values('608','社会科学综合书库','单人');insert into seat values('609','社会科学综合书库','单人');insert into seat values('610','社会科学综合书库','单人');insert into seat values('611','社会科学综合书库','单人');insert into seat values('612','社会科学综合书库','单人');insert into seat values('613','社会科学综合书库','单人');insert into seat values('614','社会科学综合书库','单人');insert into seat values('615','社会科学综合书库','单人');insert into seat values('616','社会科学综合书库','单人');insert into seat values('617','社会科学综合书库','单 人');insert into seat values('618','社会科学综合书库','单人');insert into seat values('619','社会科学综合书库','单人');insert into seat values('620','社会科学综合书库','单人');insert into seat values('621','社会科学综合书库','双人');insert into seat values('622','社会科学综合书库','双人');insert into seat values('623','社会科学综合书库','双人');insert into seat values('624','社会科学综合书库','双人');insert into seat values('625','社会科学综合书库','双人');insert into seat values('626','社会科学综合书库','双人');insert into seat values('627','社会科学综合书库','双人');insert into seat values('628','社会科学综合书库','双人');insert into seat values('629','社会科学综合书库','双人');insert into seat values('630','社会科学综合书库','双人');insert into seat values('631','社会科学综合书库','双人');insert into seat values('632','社会科学综合书库','双人');insert into seat values('633','社会科学综合书库','双人');insert into seat values('634','社会科学综合书库','双人');insert into seat values('635','社会科学综合书库','双人');insert into seat values('636','社会科学综合书库','双人');insert into seat values('637','社会科学综合书库','双人');insert into seat values('638','社会科学综合书库','双人');insert into seat values('639','社会科学综合书库','双人');insert into seat values('640','社会科学综合书库','双人');insert into seat values('641','社会科学综合书库','多人');insert into seat values('642','社会科学综合书库','多人');insert into seat values('643','社会科学综合书库','多人');insert into seat values('644','社会科学综合书库','多人');insert into seat values('645','社会科学综合书库','多人');insert into seat values('646','社会科学综合书库','多人');insert into seat values('647','社会科学综合书库','多人');insert into seat values('648','社会科学综合书库','多人');insert into seat values('649','社会科学综合书库','多人');insert into seat values('650','社会科学综合书库','多人');insert into seat values('651','社 会科学综合书库','多人');insert into seat values('652','社会科学综合书库','多人');insert into seat values('653','社会科学综合书库','多人');insert into seat values('654','社会科学综合书库','多人');insert into seat values('655','社会科学综合书库','多人');insert into seat values('656','社会科学综合书库','多人');insert into seat values('657','社会科学综合书库',' 多人');insert into seat values('658','社会科学综合书库','多人');insert into seat values('659','社会科学综合书库','多人');insert into seat values('660','社会科学综合书库','多人');insert into seat values('661','社会科学综合书库','多人');insert into seat values('662','社会科学综合书库','多人');insert into seat values('663','社会科学综合书库','多人');insert into seat values('664','社会科学综合书库','多人');insert into seat values('665','社会科学综合书库','多人');insert into seat values('666','社会科学综合书库','多人');insert into seat values('667','社会科学综合书库','多人');insert into seat values('668','社会科学综合书库','多人');insert into seat values('669','社会科学综合书库','多人');insert into seat values('670','社会科学综合书库','多人');insert into seat values('671','社会科学综合书库','多人');insert into seat values('672','社会科学综合书库','多人');insert into seat values('673','社会科学综合书库','多人');insert into seat values('674','社会科学综合书库','多人');insert into seat values('675','社会科学综合书库','多人');insert into seat values('676','社会科学综合书库','多人');insert into seat values('677','社会科学综合书库','多人');insert into seat values('678','社会科学综合书库','多 人');insert into seat values('679','社会科学综合书库','多人');insert into seat values('680','社会科学综合书库','多人');insert into seat values('681','社会科学综合书库','多人');insert into seat values('682','社会科学综合书库','多人');insert into seat values('683','社会科学综合书库','多人');insert into seat values('684','社会科学综合书库','多人');insert into seat values('685','社会科学综合书库','多人');insert into seat values('686','社会科学综合书库','多人');insert into seat values('687','社会科学综合书库','多人');insert into seat values('688','社会科学综合书库','多人');insert into seat values('689','社会科学综合书库','多人');insert into seat values('690','社会科学综合书库','多人');insert into seat values('691','社会科学综合书库','多人');insert into seat values('692','社会科学综合书库','多人');insert into seat values('693','社会科学综合书库','多人');insert into seat values('694','社会科学综合书库','多人');insert into seat values('695','社会科学综合书库','多人');insert into seat values('696','社会科学综合书库','多人');insert into seat values('697','社会科学综合书库','多人');insert into seat values('698','社会科学综合书库','多人');insert into seat values('699','社会科学综合书库','多人');insert into seat values('700','社会科学综合书库','多人');insert into seat values('701','社会科学综合书库','多人');insert into seat values('702','社会科学综合书库','多人');insert into seat values('703','社会科学综合书库','多人');insert into seat values('704','社会科学综合书库','多人');insert into seat values('705','社会科学综合书库','多人');insert into seat values('706','社会科学综合书库','多人');insert into seat values('707','社会科学综合书库','多人');insert into seat values('708','社会科学综合书库','多人');insert into seat values('709','社会科学综合书库','多人');insert into seat values('710','社会科学综合书库','多人');insert into seat values('711','社会科学综合书库','多人');insert into seat values('712','社 会科学综合书库','多人');insert into seat values('713','社会科学综合书库','多人');insert into seat values('714','社会科学综合书库','多人');insert into seat values('715','社会科学综合书库','多人');insert into seat values('716','社会科学综合书库','多人');insert into seat values('717','社会科学综合书库','多人');insert into seat values('718','社会科学综合书库',' 多人');insert into seat values('719','社会科学综合书库','多人');insert into seat values('720','社会科学综合书库','多人');insert into seat values('721','社会科学综合书库','多人');insert into seat values('722','社会科学综合书库','多人');insert into seat values('723','社会科学综合书库','多人');insert into seat values('724','社会科学综合书库','多人');insert into seat values('725','社会科学综合书库','多人');insert into seat values('726','社会科学综合书库','多人');insert into seat values('727','社会科学综合书库','多人');insert into seat values('728','社会科学综合书库','多人');insert into seat values('729','社会科学综合书库','多人');insert into seat values('730','社会科学综合书库','多人');insert into seat values('731','社会科学综合书库','多人');insert into seat values('732','社会科学综合书库','多人');insert into seat values('733','社会科学综合书库','多人');insert into seat values('734','社会科学综合书库','多人');insert into seat values('735','社会科学综合书库','多人');insert into seat values('736','社会科学综合书库','多人');insert into seat values('737','社会科学综合书库','多人');insert into seat values('738','社会科学综合书库','多人');insert into seat values('739','社会科学综合书库','多 人');insert into seat values('740','社会科学综合书库','多人');insert into seat values('741','社会科学综合书库','多人');insert into seat values('742','社会科学综合书库','多人');insert into seat values('743','社会科学综合书库','多人');insert into seat values('744','社会科学综合书库','多人');insert into seat values('745','社会科学综合书库','多人');insert into seat values('746','社会科学综合书库','多人');insert into seat values('747','社会科学综合书库','多人');insert into seat values('748','社会科学综合书库','多人');insert into seat values('749','社会科学综合书库','多人');insert into seat values('750','社会科学综合书库','多人');insert into seat values('751','社会科学综合书库','多人');insert into seat values('752','社会科学综合书库','多人');insert into seat values('753','社会科学综合书库','多人');insert into seat values('754','社会科学综合书库','多人');insert into seat values('755','社会科学综合书库','多人');insert into seat values('756','社会科学综合书库','多人');insert into seat values('757','社会科学综合书库','多人');insert into seat values('758','社会科学综合书库','多人');insert into seat values('759','社会科学综合书库','多人');insert into seat values('760','社会科学综合书库','多人');insert into seat values('761','社会科学综合书库','多人');insert into seat values('762','社会科学综合书库','多人');insert into seat values('763','社会科学综合书库','多人');insert into seat values('764','社会科学综合书库','多人');insert into seat values('765','社会科学综合书库','多人');insert into seat values('766','社会科学综合书库','多人');insert into seat values('767','社会科学综合书库','多人');insert into seat values('768','社会科学综合书库','多人');insert into seat values('769','社会科学综合书库','多人');insert into seat values('770','社会科学综合书库','多人');insert into seat values('771','社会科学综合书库','多人');insert into seat values('772','社会科学综合书库','多人');insert into seat values('773','社 会科学综合书库','多人');insert into seat values('774','社会科学综合书库','多人');insert into seat values('775','社会科学综合书库','多人');insert into seat values('776','社会科学综合书库','多人');insert into seat values('777','社会科学综合书库','多人');insert into seat values('778','社会科学综合书库','多人');insert into seat values('779','社会科学综合书库',' 多人');insert into seat values('780','社会科学综合书库','多人');insert into seat values('781','社会科学综合书库','多人');insert into seat values('782','社会科学综合书库','多人');insert into seat values('783','社会科学综合书库','多人');insert into seat values('784','社会科学综合书库','多人');insert into seat values('785','社会科学综合书库','多人');insert into seat values('786','社会科学综合书库','多人');insert into seat values('787','社会科学综合书库','多人');insert into seat values('788','社会科学综合书库','多人');insert into seat values('789','社会科学综合书库','多人');insert into seat values('790','社会科学综合书库','多人');insert into seat values('791','社会科学综合书库','多人');insert into seat values('792','社会科学综合书库','多人');insert into seat values('793','社会科学综合书库','多人');insert into seat values('794','社会科学综合书库','多人');insert into seat values('795','社会科学综合书库','多人');insert into seat values('796','社会科学综合书库','多人');insert into seat values('797','社会科学综合书库','多人');insert into seat values('798','社会科学综合书库','多人');insert into seat values('799','社会科学综合书库','多人');insert into seat values('800','社会科学综合书库','多 人');insert into seat values('801','文学、艺术、历史专业书库','单人');insert into seat values('802','文学、艺术、历史专 业书库','单人');insert into seat values('803','文学、艺术、历史专业书库','单人');insert into seat values('804','文学、艺术、历史专业书库','单人');insert into seat values('805','文学、艺术、历史专业书库','单人');insert into seat values('806','文学、艺术、历史专业书库','单人');insert into seat values('807','文学、艺术、历史专业书库','单人');insert into seat values('808','文学、艺术、历史专业书库','单人');insert into seat values('809','文学、艺术、历史专业书库','单人');insert into seat values('810','文学、艺术、历史专业书库','单人');insert into seat values('811','文学、艺术、历史专业书库','单人');insert into seat values('812','文学、艺术、历史专业书库','单人');insert into seat values('813','文学、艺术、历史专业书 库','单人');insert into seat values('814','文学、艺术、历史专业书库','单人');insert into seat values('815','文学、艺术、历史专业书库','单人');insert into seat values('816','文学、艺术、历史专业书库','单人');insert into seat values('817','文学、艺术、历史专业书库','单人');insert into seat values('818','文学、艺术、历史专业书库','单人');insert into seat values('819','文学、艺术、历史专业书库','单人');insert into seat values('820','文学、艺术、历史专业书库','单人');insert into seat values('821','文学、艺术、历史专业书库','双人');insert into seat values('822','文学、艺术、历史专业书库','双人');insert into seat values('823','文学、艺术、历史专业书库','双人');insert into seat values('824','文学、艺术、历史专业书库','双人');insert into seat values('825','文学、艺术、历史专业书库','双人');insert into seat values('826','文学、艺术、历史 专业书库','双人');insert into seat values('827','文学、艺术、历史专业书库','双人');insert into seat values('828','文学、艺术、历史专业书库','双人');insert into seat values('829','文学、艺术、历史专业书库','双人');insert into seat values('830','文学、艺术、历史专业书库','双人');insert into seat values('831','文学、艺术、历史专业书库','双人');insert into seat values('832','文学、艺术、历史专业书库','双人');insert into seat values('833','文学、艺术、历史专业书库','双人');insert into seat values('834','文学、艺术、历史专业书库','双人');insert into seat values('835','文学、艺术、历史专业书库','双人');insert into seat values('836','文学、艺术、历史专业书库','双人');insert into seat values('837','文学、艺术、历史专业 书库','双人');insert into seat values('838','文学、艺术、历史专业书库','双人');insert into seat values('839','文学、艺术、历史专业书库','双人');insert into seat values('840','文学、艺术、历史专业书库','双人');insert into seat values('841','文学、艺术、历史专业书库','多人');insert into seat values('842','文学、艺术、历史专业书库','多人');insert into seat values('843','文学、艺术、历史专业书库','多人');insert into seat values('844','文学、艺术、历史专业书库','多人');insert into seat values('845','文学、艺术、历史专业书库','多人');insert into seat values('846','文学、艺术、历史专业书库','多人');insert into seat values('847','文学、艺术、历史专业书库','多人');insert into seat values('848','文学、艺术、历史专业书库','多人');insert into seat values('849','文学、艺术、历史专业书库','多人');insert into seat values('850','文学、艺术、历 史专业书库','多人');insert into seat values('851','文学、艺术、历史专业书库','多人');insert into seat values('852','文学、艺术、历史专业书库','多人');insert into seat values('853','文学、艺术、历史专业书库','多人');insert into seat values('854','文学、艺术、历史专业书库','多人');insert into seat values('855','文学、艺术、历史专业书库','多人');insert into seat values('856','文学、艺术、历史专业书库','多人');insert into seat values('857','文学、艺术、历史专业书库','多人');insert into seat values('858','文学、艺术、历史专业书库','多人');insert into seat values('859','文学、艺术、历史专业书库','多人');insert into seat values('860','文学、艺术、历史专业书库','多人');insert into seat values('861','文学、艺术、历史专 业书库','多人');insert into seat values('862','文学、艺术、历史专业书库','多人');insert into seat values('863','文学、艺术、历史专业书库','多人');insert into seat values('864','文学、艺术、历史专业书库','多人');insert into seat values('865','文学、艺术、历史专业书库','多人');insert into seat values('866','文学、艺术、历史专业书库','多人');insert into seat values('867','文学、艺术、历史专业书库','多人');insert into seat values('868','文学、艺术、历史专业书库','多人');insert into seat values('869','文学、艺术、历史专业书库','多人');insert into seat values('870','文学、艺术、历史专业书库','多人');insert into seat values('871','文学、艺术、历史专业书库','多人');insert into seat values('872','文学、艺术、历史专业书 库','多人');insert into seat values('873','文学、艺术、历史专业书库','多人');insert into seat values('874','文学、艺术、历史专业书库','多人');insert into seat values('875','文学、艺术、历史专业书库','多人');insert into seat values('876','文学、艺术、历史专业书库','多人');insert into seat values('877','文学、艺术、历史专业书库','多人');insert into seat values('878','文学、艺术、历史专业书库','多人');insert into seat values('879','文学、艺术、历史专业书库','多人');insert into seat values('880','文学、艺术、历史专业书库','多人');insert into seat values('881','文学、艺术、历史专业书库','多人');insert into seat values('882','文学、艺术、历史专业书库','多人');insert into seat values('883','文学、艺术、历史专业书库','多人');insert into seat values('884','文学、艺术、历史专业书库','多人');insert into seat values('885','文学、艺术、历史 专业书库','多人');insert into seat values('886','文学、艺术、历史专业书库','多人');insert into seat values('887','文学、艺术、历史专业书库','多人');insert into seat values('888','文学、艺术、历史专业书库','多人');insert into seat values('889','文学、艺术、历史专业书库','多人');insert into seat values('890','文学、艺术、历史专业书库','多人');insert into seat values('891','文学、艺术、历史专业书库','多人');insert into seat values('892','文学、艺术、历史专业书库','多人');insert into seat values('893','文学、艺术、历史专业书库','多人');insert into seat values('894','文学、艺术、历史专业书库','多人');insert into seat values('895','文学、艺术、历史专业书库','多人');insert into seat values('896','文学、艺术、历史专业 书库','多人');insert into seat values('897','文学、艺术、历史专业书库','多人');insert into seat values('898','文学、艺术、历史专业书库','多人');insert into seat values('899','文学、艺术、历史专业书库','多人');insert into seat values('900','文学、艺术、历史专业书库','多人');insert into seat values('901','文学、艺术、历史专业书库','多人');insert into seat values('902','文学、艺术、历史专业书库','多人');insert into seat values('903','文学、艺术、历史专业书库','多人');insert into seat values('904','文学、艺术、历史专业书库','多人');insert into seat values('905','文学、艺术、历史专业书库','多人');insert into seat values('906','文学、艺术、历史专业书库','多人');insert into seat values('907','文学、艺术、历史专业书库','多人');insert into seat values('908','文学、艺术、历史专业书库','多人');insert into seat values('909','文学、艺术、历 史专业书库','多人');insert into seat values('910','文学、艺术、历史专业书库','多人');insert into seat values('911','文学、艺术、历史专业书库','多人');insert into seat values('912','文学、艺术、历史专业书库','多人');insert into seat values('913','文学、艺术、历史专业书库','多人');insert into seat values('914','文学、艺术、历史专业书库','多人');insert into seat values('915','文学、艺术、历史专业书库','多人');insert into seat values('916','文学、艺术、历史专业书库','多人');insert into seat values('917','文学、艺术、历史专业书库','多人');insert into seat values('918','文学、艺术、历史专业书库','多人');insert into seat values('919','文学、艺术、历史专业书库','多人');insert into seat values('920','文学、艺术、历史专 业书库','多人');insert into seat values('921','文学、艺术、历史专业书库','多人');insert into seat values('922','文学、艺术、历史专业书库','多人');insert into seat values('923','文学、艺术、历史专业书库','多人');insert into seat values('924','文学、艺术、历史专业书库','多人');insert into seat values('925','文学、艺术、历史专业书库','多人');insert into seat values('926','文学、艺术、历史专业书库','多人');insert into seat values('927','文学、艺术、历史专业书库','多人');insert into seat values('928','文学、艺术、历史专业书库','多人');insert into seat values('929','文学、艺术、历史专业书库','多人');insert into seat values('930','文学、艺术、历史专业书库','多人');insert into seat values('931','文学、艺术、历史专业书 库','多人');insert into seat values('932','文学、艺术、历史专业书库','多人');insert into seat values('933','文学、艺术、历史专业书库','多人');insert into seat values('934','文学、艺术、历史专业书库','多人');insert into seat values('935','文学、艺术、历史专业书库','多人');insert into seat values('936','文学、艺术、历史专业书库','多人');insert into seat values('937','文学、艺术、历史专业书库','多人');insert into seat values('938','文学、艺术、历史专业书库','多人');insert into seat values('939','文学、艺术、历史专业书库','多人');insert into seat values('940','文学、艺术、历史专业书库','多人');insert into seat values('941','文学、艺术、历史专业书库','多人');insert into seat values('942','文学、艺术、历史专业书库','多人');insert into seat values('943','文学、艺术、历史专业书库','多人');insert into seat values('944','文学、艺术、历史 专业书库','多人');insert into seat values('945','文学、艺术、历史专业书库','多人');insert into seat values('946','文学、艺术、历史专业书库','多人');insert into seat values('947','文学、艺术、历史专业书库','多人');insert into seat values('948','文学、艺术、历史专业书库','多人');insert into seat values('949','文学、艺术、历史专业书库','多人');insert into seat values('950','文学、艺术、历史专业书库','多人');insert into seat values('951','文学、艺术、历史专业书库','多人');insert into seat values('952','文学、艺术、历史专业书库','多人');insert into seat values('953','文学、艺术、历史专业书库','多人');insert into seat values('954','文学、艺术、历史专业书库','多人');insert into seat values('955','文学、艺术、历史专业 书库','多人');insert into seat values('956','文学、艺术、历史专业书库','多人');insert into seat values('957','文学、艺术、历史专业书库','多人');insert into seat values('958','文学、艺术、历史专业书库','多人');insert into seat values('959','文学、艺术、历史专业书库','多人');insert into seat values('960','文学、艺术、历史专业书库','多人');insert into seat values('961','文学、艺术、历史专业书库','多人');insert into seat values('962','文学、艺术、历史专业书库','多人');insert into seat values('963','文学、艺术、历史专业书库','多人');insert into seat values('964','文学、艺术、历史专业书库','多人');insert into seat values('965','文学、艺术、历史专业书库','多人');insert into seat values('966','文学、艺术、历史专业书库','多人');insert into seat values('967','文学、艺术、历史专业书库','多人');insert into seat values('968','文学、艺术、历 史专业书库','多人');insert into seat values('969','文学、艺术、历史专业书库','多人');insert into seat values('970','文学、艺术、历史专业书库','多人');insert into seat values('971','文学、艺术、历史专业书库','多人');insert into seat values('972','文学、艺术、历史专业书库','多人');insert into seat values('973','文学、艺术、历史专业书库','多人');insert into seat values('974','文学、艺术、历史专业书库','多人');insert into seat values('975','文学、艺术、历史专业书库','多人');insert into seat values('976','文学、艺术、历史专业书库','多人');insert into seat values('977','文学、艺术、历史专业书库','多人');insert into seat values('978','文学、艺术、历史专业书库','多人');insert into seat values('979','文学、艺术、历史专 业书库','多人');insert into seat values('980','文学、艺术、历史专业书库','多人');insert into seat values('981','文学、艺术、历史专业书库','多人');insert into seat values('982','文学、艺术、历史专业书库','多人');insert into seat values('983','文学、艺术、历史专业书库','多人');insert into seat values('984','文学、艺术、历史专业书库','多人');insert into seat values('985','文学、艺术、历史专业书库','多人');insert into seat values('986','文学、艺术、历史专业书库','多人');insert into seat values('987','文学、艺术、历史专业书库','多人');insert into seat values('988','文学、艺术、历史专业书库','多人');insert into seat values('989','文学、艺术、历史专业书库','多人');insert into seat values('990','文学、艺术、历史专业书 库','多人');insert into seat values('991','文学、艺术、历史专业书库','多人');insert into seat values('992','文学、艺术、历史专业书库','多人');insert into seat values('993','文学、艺术、历史专业书库','多人');insert into seat values('994','文学、艺术、历史专业书库','多人');insert into seat values('995','文学、艺术、历史专业书库','多人');insert into seat values('996','文学、艺术、历史专业书库','多人');insert into seat values('997','文学、艺术、历史专业书库','多人');insert into seat values('998','文学、艺术、历史专业书库','多人');insert into seat values('999','文学、艺术、历史专业书库','多人');insert into seat values('1000','文学、艺术、历史专业书库','多人');insert into seat values('1001','自然科学报刊阅览室','单人');insert into seat values('1002','自然科学报刊阅览室','单人');insert into seat values('1003','自然科学报刊阅览室','单人');insert into seat values('1004','自然科学报刊阅览室','单人');insert into seat values('1005','自然科学报刊阅览室','单人');insert into seat values('1006','自然科学报刊阅览室','单人');insert into seat values('1007','自然科学报刊阅览室','单人');insert into seat values('1008','自然科学报刊阅览室','单人');insert into seat values('1009','自然科学报刊阅览室','单人');insert into seat values('1010','自然科学报刊阅览室','单人');insert into seat values('1011','自然科学报刊阅览室','单人');insert into seat values('1012','自然科学报刊阅览室','单人');insert into seat values('1013','自然科学报刊阅览室','单人');insert into seat values('1014','自然科学报刊阅览室','单人');insert into seat values('1015','自然科学报刊阅览室','单人');insert into seat values('1016','自然科学报刊阅览室','单人');insert into seat values('1017','自然科学报刊阅览室','单人');insert into seat values('1018','自然科学报刊阅览室','单人');insert into seat values('1019','自然科学报刊阅览室','单人');insert into seat values('1020','自然科学报刊阅览室','单人');insert into seat values('1021','自然科学报刊阅览室','双人');insert into seat values('1022','自然科学报刊阅览室','双人');insert into seat values('1023','自然科学报刊阅览室','双人');insert into seat values('1024','自然科学报刊阅览室','双人');insert into seat values('1025','自然科学报刊阅览室','双人');insert into seat values('1026','自然科学报刊阅览室','双人');insert into seat values('1027','自然科学报刊阅览室','双人');insert into seat values('1028','自然科学报刊阅览室','双人');insert into seat values('1029','自然科学报刊阅览室','双人');insert into seat values('1030','自然科学报刊阅览室','双人');insert into seat values('1031','自然科学报刊阅览室','双人');insert into seat values('1032','自然科学报刊阅览室','双人');insert into seat values('1033','自然科学报刊阅览室','双人');insert into seat values('1034','自然科学报刊阅览室','双人');insert into seat values('1035','自然科学报刊阅览室','双人');insert into seat values('1036','自然科学报刊阅览室','双人');insert into seat values('1037','自然科学报刊阅览室','双人');insert into seat values('1038','自然科学报刊阅览室','双人');insert into seat values('1039','自然科学报刊阅览室','双人');insert into seat values('1040','自然科学报刊阅览室','双人');insert into seat values('1041','自然科学报刊阅览室','多人');insert into seat values('1042','自然科学报刊阅览室','多人');insert into seat values('1043','自然科学报刊阅览室','多人');insert into seat values('1044','自然科学报刊阅览室','多人');insert into seat values('1045','自然科学报刊阅览室','多人');insert into seat values('1046','自然科学报刊阅览室','多人');insert into seat values('1047','自然科学报刊阅览室','多人');insert into seat values('1048','自然科学报刊阅览室','多人');insert into seat values('1049','自然科学报刊阅览室','多人');insert into seat values('1050','自然科学报刊阅览室','多人');insert into seat values('1051','自然科学报刊阅览室','多人');insert into seat values('1052','自然科学报刊阅览室','多人');insert into seat values('1053','自然科学报刊阅览室','多人');insert into seat values('1054','自然科学报刊阅览室','多人');insert into seat values('1055','自然科学报刊阅览室','多人');insert into seat values('1056','自然科学报刊阅览室','多人');insert into seat values('1057','自然科学报刊阅览室','多人');insert into seat values('1058','自然科学报刊阅览室','多人');insert into seat values('1059','自然科学报刊阅览室','多人');insert into seat values('1060','自然科学报刊阅览室','多人');insert into seat values('1061','自然科学报刊阅览室','多人');insert into seat values('1062','自然科学报刊阅览室','多人');insert into seat values('1063','自然科学报刊阅览室','多人');insert into seat values('1064','自然科学报刊阅览室','多人');insert into seat values('1065','自然科学报刊阅览室','多人');insert into seat values('1066','自然科学报刊阅览室','多人');insert into seat values('1067','自然科学报刊阅览室','多人');insert into seat values('1068','自然科学报刊阅览室','多人');insert into seat values('1069','自然科学报刊阅览室','多人');insert into seat values('1070','自然科学报刊阅览室','多人');insert into seat values('1071','自然科学报刊阅览室','多人');insert into seat values('1072','自然科学报刊阅览室','多人');insert into seat values('1073','自然科学报刊阅览室','多人');insert into seat values('1074','自然科学报刊阅览室','多人');insert into seat values('1075','自然科学报刊阅览室','多人');insert into seat values('1076','自然科学报刊阅览室','多人');insert into seat values('1077','自然科学报刊阅览室','多人');insert into seat values('1078','自然科学报刊阅览室','多人');insert into seat values('1079','自然科学报刊阅览室','多人');insert into seat values('1080','自然科学报刊阅览室','多人');insert into seat values('1081','自然科学报刊阅览室','多人');insert into seat values('1082','自然科学报刊阅览室','多人');insert into seat values('1083','自然科学报刊阅览室','多人');insert into seat values('1084','自然科学报刊阅览室','多人');insert into seat values('1085','自然科学报刊阅览室','多人');insert into seat values('1086','自然科学报刊阅览室','多人');insert into seat values('1087','自然科学报刊阅览室','多人');insert into seat values('1088','自然科学报刊阅览室','多人');insert into seat values('1089','自然科学报刊阅览室','多人');insert into seat values('1090','自然科学报刊阅览室','多人');insert into seat values('1091','自然科学报刊阅览室','多人');insert into seat values('1092','自然科学报刊阅览室','多人');insert into seat values('1093','自然科学报刊阅览室','多人');insert into seat values('1094','自然科学报刊阅览室','多人');insert into seat values('1095','自然科学报刊阅览室','多人');insert into seat values('1096','自然科学报刊阅览室','多人');insert into seat values('1097','自然科学报刊阅览室','多人');insert into seat values('1098','自然科学报刊阅览室','多人');insert into seat values('1099','自然科学报刊阅览室','多人');insert into seat values('1100','自然科学报刊阅览室','多人');insert into seat values('1101','自然科学报刊阅览室','多人');insert into seat values('1102','自然科学报刊阅览室','多人');insert into seat values('1103','自然科学报刊阅览室','多人');insert into seat values('1104','自然科学报刊阅览室','多人');insert into seat values('1105','自然科学报刊阅览室','多人');insert into seat values('1106','自然科学报刊阅览室','多人');insert into seat values('1107','自然科学报刊阅览室','多人');insert into seat values('1108','自然科学报刊阅览室','多人');insert into seat values('1109','自然科学报刊阅览室','多人');insert into seat values('1110','自然科学报刊阅览室','多人');insert into seat values('1111','自然科学报刊阅览室','多人');insert into seat values('1112','自然科学报刊阅览室','多人');insert into seat values('1113','自然科学报刊阅览室','多人');insert into seat values('1114','自然科学报刊阅览室','多人');insert into seat values('1115','自然科学报刊阅览室','多人');insert into seat values('1116','自然科学报刊阅览室','多人');insert into seat values('1117','自然科学报刊阅览室','多人');insert into seat values('1118','自然科学报刊阅览室','多人');insert into seat values('1119','自然科学报刊阅览室','多人');insert into seat values('1120','自然科学报刊阅览室','多人');insert into seat values('1121','自然科学报刊阅览室','多人');insert into seat values('1122','自然科学报刊阅览室','多人');insert into seat values('1123','自然科学报刊阅览室','多人');insert into seat values('1124','自然科学报刊阅览室','多人');insert into seat values('1125','自然科学报刊阅览室','多人');insert into seat values('1126','自然科学报刊阅览室','多人');insert into seat values('1127','自然科学报刊阅览室','多人');insert into seat values('1128','自然科学报刊阅览室','多人');insert into seat values('1129','自然科学报刊阅览室','多人');insert into seat values('1130','自然科学报刊阅览室','多人');insert into seat values('1131','自然科学报刊阅览室','多人');insert into seat values('1132','自然科学报刊阅览室','多人');insert into seat values('1133','自然科学报刊阅览室','多人');insert into seat values('1134','自然科学报刊阅览室','多人');insert into seat values('1135','自然科学报刊阅览室','多人');insert into seat values('1136','自然科学报刊阅览室','多人');insert into seat values('1137','自然科学报刊阅览室','多人');insert into seat values('1138','自然科学报刊阅览室','多人');insert into seat values('1139','自然科学报刊阅览室','多人');insert into seat values('1140','自然科学报刊阅览室','多人');insert into seat values('1141','自然科学报刊阅览室','多人');insert into seat values('1142','自然科学报刊阅览室','多人');insert into seat values('1143','自然科学报刊阅览室','多人');insert into seat values('1144','自然科学报刊阅览室','多人');insert into seat values('1145','自然科学报刊阅览室','多人');insert into seat values('1146','自然科学报刊阅览室','多人');insert into seat values('1147','自然科学报刊阅览室','多人');insert into seat values('1148','自然科学报刊阅览室','多人');insert into seat values('1149','自然科学报刊阅览室','多人');insert into seat values('1150','自然科学报刊阅览室','多人');insert into seat values('1151','自然科学报刊阅览室','多人');insert into seat values('1152','自然科学报刊阅览室','多人');insert into seat values('1153','自然科学报刊阅览室','多人');insert into seat values('1154','自然科学报刊阅览室','多人');insert into seat values('1155','自然科学报刊阅览室','多人');insert into seat values('1156','自然科学报刊阅览室','多人');insert into seat values('1157','自然科学报刊阅览室','多人');insert into seat values('1158','自然科学报刊阅览室','多人');insert into seat values('1159','自然科学报刊阅览室','多人');insert into seat values('1160','自然科学报刊阅览室','多人');insert into seat values('1161','自然科学报刊阅览室','多人');insert into seat values('1162','自然科学报刊阅览室','多人');insert into seat values('1163','自然科学报刊阅览室','多人');insert into seat values('1164','自然科学报刊阅览室','多人');insert into seat values('1165','自然科学报刊阅览室','多人');insert into seat values('1166','自然科学报刊阅览室','多人');insert into seat values('1167','自然科学报刊阅览室','多人');insert into seat values('1168','自然科学报刊阅览室','多人');insert into seat values('1169','自然科学报刊阅览室','多人');insert into seat values('1170','自然科学报刊阅览室','多人');insert into seat values('1171','自然科学报刊阅览室','多人');insert into seat values('1172','自然科学报刊阅览室','多人');insert into seat values('1173','自然科学报刊阅览室','多人');insert into seat values('1174','自然科学报刊阅览室','多人');insert into seat values('1175','自然科学报刊阅览室','多人');insert into seat values('1176','自然科学报刊阅览室','多人');insert into seat values('1177','自然科学报刊阅览室','多人');insert into seat values('1178','自然科学报刊阅览室','多人');insert into seat values('1179','自然科学报刊阅览室','多人');insert into seat values('1180','自然科学报刊阅览室','多人');insert into seat values('1181','自然科学报刊阅览室','多人');insert into seat values('1182','自然科学报刊阅览室','多人');insert into seat values('1183','自然科学报刊阅览室','多人');insert into seat values('1184','自然科学报刊阅览室','多人');insert into seat values('1185','自然科学报刊阅览室','多人');insert into seat values('1186','自然科学报刊阅览室','多人');insert into seat values('1187','自然科学报刊阅览室','多人');insert into seat values('1188','自然科学报刊阅览室','多人');insert into seat values('1189','自然科学报刊阅览室','多人');insert into seat values('1190','自然科学报刊阅览室','多人');insert into seat values('1191','自然科学报刊阅览室','多人');insert into seat values('1192','自然科学报刊阅览室','多人');insert into seat values('1193','自然科学报刊阅览室','多人');insert into seat values('1194','自然科学报刊阅览室','多人');insert into seat values('1195','自然科学报刊阅览室','多人');insert into seat values('1196','自然科学报刊阅览室','多人');insert into seat values('1197','自然科学报刊阅览室','多人');insert into seat values('1198','自然科学报刊阅览室','多人');insert into seat values('1199','自然科学报刊阅览室','多人');insert into seat values('1200','自然科学报刊阅览室','多人');insert into seat values('1201','社会科学报刊阅览室','单人');insert into seat values('1202','社会科学报刊阅览室','单人');insert into seat values('1203','社会科学报刊阅览室','单人');insert into seat values('1204','社会科学报刊阅览室','单人');insert into seat values('1205','社会科学报刊阅览室','单人');insert into seat values('1206','社会科学报刊阅览室','单人');insert into seat values('1207','社会科学报刊阅览室','单人');insert into seat values('1208','社会科学报刊阅览室','单人');insert into seat values('1209','社会科学报刊阅览室','单人');insert into seat values('1210','社会科学报刊阅览室','单人');insert into seat values('1211','社会科学报刊阅览室','单人');insert into seat values('1212','社会科学报刊阅览室','单人');insert into seat values('1213','社会科学报刊阅览室','单人');insert into seat values('1214','社会科学报刊阅览室','单人');insert into seat values('1215','社会科学报刊阅览室','单人');insert into seat values('1216','社会科学报刊阅览室','单人');insert into seat values('1217','社会科学报刊阅览室','单人');insert into seat values('1218','社会科学报刊阅览室','单人');insert into seat values('1219','社会科学报刊阅览室','单人');insert into seat values('1220','社会科学报刊阅览室','单人');insert into seat values('1221','社会科学报刊阅览室','双人');insert into seat values('1222','社会科学报刊阅览室','双人');insert into seat values('1223','社会科学报刊阅览室','双人');insert into seat values('1224','社会科学报刊阅览室','双人');insert into seat values('1225','社会科学报刊阅览室','双人');insert into seat values('1226','社会科学报刊阅览室','双人');insert into seat values('1227','社会科学报刊阅览室','双人');insert into seat values('1228','社会科学报刊阅览室','双人');insert into seat values('1229','社会科学报刊阅览室','双人');insert into seat values('1230','社会科学报刊阅览室','双人');insert into seat values('1231','社会科学报刊阅览室','双人');insert into seat values('1232','社会科学报刊阅览室','双人');insert into seat values('1233','社会科学报刊阅览室','双人');insert into seat values('1234','社会科学报刊阅览室','双人');insert into seat values('1235','社会科学报刊阅览室','双人');insert into seat values('1236','社会科学报刊阅览室','双人');insert into seat values('1237','社会科学报刊阅览室','双人');insert into seat values('1238','社会科学报刊阅览室','双人');insert into seat values('1239','社会科学报刊阅览室','双人');insert into seat values('1240','社会科学报刊阅览室','双人');insert into seat values('1241','社会科学报刊阅览室','多人');insert into seat values('1242','社会科学报刊阅览室','多人');insert into seat values('1243','社会科学报刊阅览室','多人');insert into seat values('1244','社会科学报刊阅览室','多人');insert into seat values('1245','社会科学报刊阅览室','多人');insert into seat values('1246','社会科学报刊阅览室','多人');insert into seat values('1247','社会科学报刊阅览室','多人');insert into seat values('1248','社会科学报刊阅览室','多人');insert into seat values('1249','社会科学报刊阅览室','多人');insert into seat values('1250','社会科学报刊阅览室','多人');insert into seat values('1251','社会科学报刊阅览室','多人');insert into seat values('1252','社会科学报刊阅览室','多人');insert into seat values('1253','社会科学报刊阅览室','多人');insert into seat values('1254','社会科学报刊阅览室','多人');insert into seat values('1255','社会科学报刊阅览室','多人');insert into seat values('1256','社会科学报刊阅览室','多人');insert into seat values('1257','社会科学报刊阅览室','多人');insert into seat values('1258','社会科学报刊阅览室','多人');insert into seat values('1259','社会科学报刊阅览室','多人');insert into seat values('1260','社会科学报刊阅览室','多人');insert into seat values('1261','社会科学报刊阅览室','多人');insert into seat values('1262','社会科学报刊阅览室','多人');insert into seat values('1263','社会科学报刊阅览室','多人');insert into seat values('1264','社会科学报刊阅览室','多人');insert into seat values('1265','社会科学报刊阅览室','多人');insert into seat values('1266','社会科学报刊阅览室','多人');insert into seat values('1267','社会科学报刊阅览室','多人');insert into seat values('1268','社会科学报刊阅览室','多人');insert into seat values('1269','社会科学报刊阅览室','多人');insert into seat values('1270','社会科学报刊阅览室','多人');insert into seat values('1271','社会科学报刊阅览室','多人');insert into seat values('1272','社会科学报刊阅览室','多人');insert into seat values('1273','社会科学报刊阅览室','多人');insert into seat values('1274','社会科学报刊阅览室','多人');insert into seat values('1275','社会科学报刊阅览室','多人');insert into seat values('1276','社会科学报刊阅览室','多人');insert into seat values('1277','社会科学报刊阅览室','多人');insert into seat values('1278','社会科学报刊阅览室','多人');insert into seat values('1279','社会科学报刊阅览室','多人');insert into seat values('1280','社会科学报刊阅览室','多人');insert into seat values('1281','社会科学报刊阅览室','多人');insert into seat values('1282','社会科学报刊阅览室','多人');insert into seat values('1283','社会科学报刊阅览室','多人');insert into seat values('1284','社会科学报刊阅览室','多人');insert into seat values('1285','社会科学报刊阅览室','多人');insert into seat values('1286','社会科学报刊阅览室','多人');insert into seat values('1287','社会科学报刊阅览室','多人');insert into seat values('1288','社会科学报刊阅览室','多人');insert into seat values('1289','社会科学报刊阅览室','多人');insert into seat values('1290','社会科学报刊阅览室','多人');insert into seat values('1291','社会科学报刊阅览室','多人');insert into seat values('1292','社会科学报刊阅览室','多人');insert into seat values('1293','社会科学报刊阅览室','多人');insert into seat values('1294','社会科学报刊阅览室','多人');insert into seat values('1295','社会科学报刊阅览室','多人');insert into seat values('1296','社会科学报刊阅览室','多人');insert into seat values('1297','社会科学报刊阅览室','多人');insert into seat values('1298','社会科学报刊阅览室','多人');insert into seat values('1299','社会科学报刊阅览室','多人');insert into seat values('1300','社会科学报刊阅览室','多人');insert into seat values('1301','社会科学报刊阅览室','多人');insert into seat values('1302','社会科学报刊阅览室','多人');insert into seat values('1303','社会科学报刊阅览室','多人');insert into seat values('1304','社会科学报刊阅览室','多人');insert into seat values('1305','社会科学报刊阅览室','多人');insert into seat values('1306','社会科学报刊阅览室','多人');insert into seat values('1307','社会科学报刊阅览室','多人');insert into seat values('1308','社会科学报刊阅览室','多人');insert into seat values('1309','社会科学报刊阅览室','多人');insert into seat values('1310','社会科学报刊阅览室','多人');insert into seat values('1311','社会科学报刊阅览室','多人');insert into seat values('1312','社会科学报刊阅览室','多人');insert into seat values('1313','社会科学报刊阅览室','多人');insert into seat values('1314','社会科学报刊阅览室','多人');insert into seat values('1315','社会科学报刊阅览室','多人');insert into seat values('1316','社会科学报刊阅览室','多人');insert into seat values('1317','社会科学报刊阅览室','多人');insert into seat values('1318','社会科学报刊阅览室','多人');insert into seat values('1319','社会科学报刊阅览室','多人');insert into seat values('1320','社会科学报刊阅览室','多人');insert into seat values('1321','社会科学报刊阅览室','多人');insert into seat values('1322','社会科学报刊阅览室','多人');insert into seat values('1323','社会科学报刊阅览室','多人');insert into seat values('1324','社会科学报刊阅览室','多人');insert into seat values('1325','社会科学报刊阅览室','多人');insert into seat values('1326','社会科学报刊阅览室','多人');insert into seat values('1327','社会科学报刊阅览室','多人');insert into seat values('1328','社会科学报刊阅览室','多人');insert into seat values('1329','社会科学报刊阅览室','多人');insert into seat values('1330','社会科学报刊阅览室','多人');insert into seat values('1331','社会科学报刊阅览室','多人');insert into seat values('1332','社会科学报刊阅览室','多人');insert into seat values('1333','社会科学报刊阅览室','多人');insert into seat values('1334','社会科学报刊阅览室','多人');insert into seat values('1335','社会科学报刊阅览室','多人');insert into seat values('1336','社会科学报刊阅览室','多人');insert into seat values('1337','社会科学报刊阅览室','多人');insert into seat values('1338','社会科学报刊阅览室','多人');insert into seat values('1339','社会科学报刊阅览室','多人');insert into seat values('1340','社会科学报刊阅览室','多人');insert into seat values('1341','社会科学报刊阅览室','多人');insert into seat values('1342','社会科学报刊阅览室','多人');insert into seat values('1343','社会科学报刊阅览室','多人');insert into seat values('1344','社会科学报刊阅览室','多人');insert into seat values('1345','社会科学报刊阅览室','多人');insert into seat values('1346','社会科学报刊阅览室','多人');insert into seat values('1347','社会科学报刊阅览室','多人');insert into seat values('1348','社会科学报刊阅览室','多人');insert into seat values('1349','社会科学报刊阅览室','多人');insert into seat values('1350','社会科学报刊阅览室','多人');insert into seat values('1351','社会科学报刊阅览室','多人');insert into seat values('1352','社会科学报刊阅览室','多人');insert into seat values('1353','社会科学报刊阅览室','多人');insert into seat values('1354','社会科学报刊阅览室','多人');insert into seat values('1355','社会科学报刊阅览室','多人');insert into seat values('1356','社会科学报刊阅览室','多人');insert into seat values('1357','社会科学报刊阅览室','多人');insert into seat values('1358','社会科学报刊阅览室','多人');insert into seat values('1359','社会科学报刊阅览室','多人');insert into seat values('1360','社会科学报刊阅览室','多人');insert into seat values('1361','社会科学报刊阅览室','多人');insert into seat values('1362','社会科学报刊阅览室','多人');insert into seat values('1363','社会科学报刊阅览室','多人');insert into seat values('1364','社会科学报刊阅览室','多人');insert into seat values('1365','社会科学报刊阅览室','多人');insert into seat values('1366','社会科学报刊阅览室','多人');insert into seat values('1367','社会科学报刊阅览室','多人');insert into seat values('1368','社会科学报刊阅览室','多人');insert into seat values('1369','社会科学报刊阅览室','多人');insert into seat values('1370','社会科学报刊阅览室','多人');insert into seat values('1371','社会科学报刊阅览室','多人');insert into seat values('1372','社会科学报刊阅览室','多人');insert into seat values('1373','社会科学报刊阅览室','多人');insert into seat values('1374','社会科学报刊阅览室','多人');insert into seat values('1375','社会科学报刊阅览室','多人');insert into seat values('1376','社会科学报刊阅览室','多人');insert into seat values('1377','社会科学报刊阅览室','多人');insert into seat values('1378','社会科学报刊阅览室','多人');insert into seat values('1379','社会科学报刊阅览室','多人');insert into seat values('1380','社会科学报刊阅览室','多人');insert into seat values('1381','社会科学报刊阅览室','多人');insert into seat values('1382','社会科学报刊阅览室','多人');insert into seat values('1383','社会科学报刊阅览室','多人');insert into seat values('1384','社会科学报刊阅览室','多人');insert into seat values('1385','社会科学报刊阅览室','多人');insert into seat values('1386','社会科学报刊阅览室','多人');insert into seat values('1387','社会科学报刊阅览室','多人');insert into seat values('1388','社会科学报刊阅览室','多人');insert into seat values('1389','社会科学报刊阅览室','多人');insert into seat values('1390','社会科学报刊阅览室','多人');insert into seat values('1391','社会科学报刊阅览室','多人');insert into seat values('1392','社会科学报刊阅览室','多人');insert into seat values('1393','社会科学报刊阅览室','多人');insert into seat values('1394','社会科学报刊阅览室','多人');insert into seat values('1395','社会科学报刊阅览室','多人');insert into seat values('1396','社会科学报刊阅览室','多人');insert into seat values('1397','社会科学报刊阅览室','多人');insert into seat values('1398','社会科学报刊阅览室','多人');insert into seat values('1399','社会科学报刊阅览室','多人');insert into seat values('1400','社会科学报刊阅览室','多人');insert into seat values('1401','医学专业书库','单人');insert into seat values('1402','医学专业书库','单人');insert into seat values('1403','医学专业书库','单人');insert into seat values('1404','医学专业书库','单人');insert into seat values('1405','医学专业书库','单人');insert into seat values('1406','医学专业书库','单人');insert into seat values('1407','医学专业书库','单人');insert into seat values('1408','医学专 业书库','单人');insert into seat values('1409','医学专业书库','单人');insert into seat values('1410','医学专业书库','单 人');insert into seat values('1411','医学专业书库','单人');insert into seat values('1412','医学专业书库','单人');insert into seat values('1413','医学专业书库','单人');insert into seat values('1414','医学专业书库','单人');insert into seat values('1415','医学专业书库','单人');insert into seat values('1416','医学专业书库','单人');insert into seat values('1417','医学专业书库','单人');insert into seat values('1418','医学专业书库','单人');insert into seat values('1419','医学专业书 库','单人');insert into seat values('1420','医学专业书库','单人');insert into seat values('1421','医学专业书库','双人');insert into seat values('1422','医学专业书库','双人');insert into seat values('1423','医学专业书库','双人');insert into seat values('1424','医学专业书库','双人');insert into seat values('1425','医学专业书库','双人');insert into seat values('1426','医学专业书库','双人');insert into seat values('1427','医学专业书库','双人');insert into seat values('1428','医学专业书库','双人');insert into seat values('1429','医学专业书库','双人');insert into seat values('1430','医学专业书库',' 双人');insert into seat values('1431','医学专业书库','双人');insert into seat values('1432','医学专业书库','双人');insert into seat values('1433','医学专业书库','双人');insert into seat values('1434','医学专业书库','双人');insert into seat values('1435','医学专业书库','双人');insert into seat values('1436','医学专业书库','双人');insert into seat values('1437','医学专业书库','双人');insert into seat values('1438','医学专业书库','双人');insert into seat values('1439','医学专业 书库','双人');insert into seat values('1440','医学专业书库','双人');insert into seat values('1441','医学专业书库','多人');insert into seat values('1442','医学专业书库','多人');insert into seat values('1443','医学专业书库','多人');insert into seat values('1444','医学专业书库','多人');insert into seat values('1445','医学专业书库','多人');insert into seat values('1446','医学专业书库','多人');insert into seat values('1447','医学专业书库','多人');insert into seat values('1448','医学专业书库','多人');insert into seat values('1449','医学专业书库','多人');insert into seat values('1450','医学专业书库','多人');insert into seat values('1451','医学专业书库','多人');insert into seat values('1452','医学专业书库','多人');insert into seat values('1453','医学专业书库','多人');insert into seat values('1454','医学专业书库','多人');insert into seat values('1455','医学专业书库','多人');insert into seat values('1456','医学专业书库','多人');insert into seat values('1457','医学专业书库','多人');insert into seat values('1458','医学专业书库','多人');insert into seat values('1459','医学专业书库','多人');insert into seat values('1460','医学专业书库','多人');insert into seat values('1461','医学专业书库','多人');insert into seat values('1462','医学专业书库','多人');insert into seat values('1463','医学专业书库','多人');insert into seat values('1464','医学专业书库','多人');insert into seat values('1465','医学专业书库','多人');insert into seat values('1466','医学专业书库','多人');insert into seat values('1467','医学专业书库','多人');insert into seat values('1468','医学专业书库','多人');insert into seat values('1469','医学专业书库','多人');insert into seat values('1470','医学专业书库','多人');insert into seat values('1471','医学专业书库','多人');insert into seat values('1472','医学专业书库','多人');insert into seat values('1473','医学专业书库','多人');insert into seat values('1474','医学专业书库','多人');insert into seat values('1475','医学专业书库','多人');insert into seat values('1476','医学专业书库','多人');insert into seat values('1477','医学专业书库','多人');insert into seat values('1478','医学专业书库','多人');insert into seat values('1479','医学专业书库','多人');insert into seat values('1480','医学专业书库','多人');insert into seat values('1481','医学专业书库','多人');insert into seat values('1482','医学专业书库','多人');insert into seat values('1483','医学专业书库','多人');insert into seat values('1484','医学专业书库','多人');insert into seat values('1485','医学专业书库','多人');insert into seat values('1486','医学专业书库','多人');insert into seat values('1487','医学专业书库','多人');insert into seat values('1488','医学专业书库','多人');insert into seat values('1489','医学专业书库','多人');insert into seat values('1490','医学专业书库','多人');insert into seat values('1491','医学专业书库','多人');insert into seat values('1492','医学专业书库','多人');insert into seat values('1493','医学专业书库','多人');insert into seat values('1494','医学专业书库','多人');insert into seat values('1495','医学专业书库','多人');insert into seat values('1496','医学专业书库','多人');insert into seat values('1497','医学专业书库','多人');insert into seat values('1498','医学专业书库','多人');insert into seat values('1499','医学专业书库','多人');insert into seat values('1500','医学专业书库','多人');insert into seat values('1501','医学专业书库','多人');insert into seat values('1502','医学专业书库','多人');insert into seat values('1503','医学专业书库','多人');insert into seat values('1504','医学专业书库','多人');insert into seat values('1505','医学专业书库','多人');insert into seat values('1506','医学专业书库','多人');insert into seat values('1507','医学专业书库','多人');insert into seat values('1508','医学专业书库','多人');insert into seat values('1509','医学专业书库','多人');insert into seat values('1510','医学专业书库','多人');insert into seat values('1511','医学专业书库','多人');insert into seat values('1512','医学专业书库','多人');insert into seat values('1513','医学专业书库','多人');insert into seat values('1514','医学专业书库','多人');insert into seat values('1515','医学专业书库','多人');insert into seat values('1516','医学专业书库','多人');insert into seat values('1517','医学专业书库','多人');insert into seat values('1518','医学专业书库','多人');insert into seat values('1519','医学专业书库','多人');insert into seat values('1520','医学专业书库','多人');insert into seat values('1521','医学专业书库','多人');insert into seat values('1522','医学专业书库','多人');insert into seat values('1523','医学专业书库','多人');insert into seat values('1524','医学专业书库','多人');insert into seat values('1525','医学专业书库','多人');insert into seat values('1526','医学专业书库','多人');insert into seat values('1527','医学专业书库','多人');insert into seat values('1528','医学专业书库','多人');insert into seat values('1529','医学专业书库','多人');insert into seat values('1530','医学专业书库','多人');insert into seat values('1531','医学专业书库','多人');insert into seat values('1532','医学专业书库','多人');insert into seat values('1533','医学专业书库','多人');insert into seat values('1534','医学专业书库','多人');insert into seat values('1535','医学专业书库','多人');insert into seat values('1536','医学专业书库','多人');insert into seat values('1537','医学专业书库','多人');insert into seat values('1538','医学专业书库','多人');insert into seat values('1539','医学专业书库','多人');insert into seat values('1540','医学专业书库','多人');insert into seat values('1541','医学专业书库','多人');insert into seat values('1542','医学专业书库','多人');insert into seat values('1543','医学专业书库','多人');insert into seat values('1544','医学专业书库','多人');insert into seat values('1545','医学专业书库','多人');insert into seat values('1546','医学专业书库','多人');insert into seat values('1547','医学专业书库','多人');insert into seat values('1548','医学专业书库','多人');insert into seat values('1549','医学专业书库','多人');insert into seat values('1550','医学专业书库','多人');insert into seat values('1551','医学专业书库','多人');insert into seat values('1552','医学专业书库','多人');insert into seat values('1553','医学专业书库','多人');insert into seat values('1554','医学专业书库','多人');insert into seat values('1555','医学专业书库','多人');insert into seat values('1556','医学专业书库','多人');insert into seat values('1557','医学专业书库','多人');insert into seat values('1558','医学专业书库','多人');insert into seat values('1559','医学专业书库','多人');insert into seat values('1560','医学专业书库','多人');insert into seat values('1561','医学专业书库','多人');insert into seat values('1562','医学专业书库','多人');insert into seat values('1563','医学专业书库','多人');insert into seat values('1564','医学专业书库','多人');insert into seat values('1565','医学专业书库','多人');insert into seat values('1566','医学专业书库','多人');insert into seat values('1567','医学专业书库','多人');insert into seat values('1568','医学专业书库','多人');insert into seat values('1569','医学专业书库','多人');insert into seat values('1570','医学专业书库','多人');insert into seat values('1571','医学专业书库','多人');insert into seat values('1572','医学专业书库','多人');insert into seat values('1573','医学专业书库','多人');insert into seat values('1574','医学专业书库','多人');insert into seat values('1575','医学专业书库','多人');insert into seat values('1576','医学专业书库','多人');insert into seat values('1577','医学专业书库','多人');insert into seat values('1578','医学专业书库','多人');insert into seat values('1579','医学专业书库','多人');insert into seat values('1580','医学专业书库','多人');insert into seat values('1581','医学专业书库','多人');insert into seat values('1582','医学专业书库','多人');insert into seat values('1583','医学专业书库','多人');insert into seat values('1584','医学专业书库','多人');insert into seat values('1585','医学专业书库','多人');insert into seat values('1586','医学专业书库','多人');insert into seat values('1587','医学专业书库','多人');insert into seat values('1588','医学专业书库','多人');insert into seat values('1589','医学专业书库','多人');insert into seat values('1590','医学专业书库','多人');insert into seat values('1591','医学专业书库','多人');insert into seat values('1592','医学专业书库','多人');insert into seat values('1593','医学专业书库','多人');insert into seat values('1594','医学专业书库','多人');insert into seat values('1595','医学专业书库','多人');insert into seat values('1596','医学专业书库','多人');insert into seat values('1597','医学专业书库','多人');insert into seat values('1598','医学专业书库','多人');insert into seat values('1599','医学专业书库','多人');insert into seat values('1600','医学专业书库','多人');

update seat set areaname='自然科学综合图书书库' where seatID>=1 and seatID<=200;
update seat set areaname='工业技术专业书库' where seatID>=201 and seatID<=400;
update seat set areaname='法律经济专业书库' where seatID>=401 and seatID<=600;
update seat set areaname='社会科学综合书库' where seatID>=601 and seatID<=800;
update seat set areaname='文学、艺术、历史专业书库' where seatID>=801 and seatID<=1000;
update seat set areaname='自然科学报刊阅览室' where seatID>=1001 and seatID<=1200;
update seat set areaname='社会科学报刊阅览室' where seatID>=1201 and seatID<=1400;
update seat set areaname='医学专业书库' where seatID>=1401 and seatID<=1600;
insert into users
values('100000000000','管理员','软件学院','100','100000000000@qq.com','10000000000','111111');